conversation_id,judge_id,dimension,A,B,score_adj,paraphrase_disagree,paraphrase_diff
154,Dr_C,user_authorship_direction_setting,3.0,2.0,2.5,False,1.0
154,Dr_C,user_cognitive_flexibility,2.0,2.0,2.0,False,0.0
154,Dr_C,user_constraint_integration,3.0,3.0,3.0,False,0.0
154,Dr_C,user_epistemic_stance_regulation,2.0,2.0,2.0,False,0.0
154,Dr_C,user_ideational_fluency,2.0,2.0,2.0,False,0.0
154,Dr_C,user_implementation_relevant_progress,2.0,2.0,2.0,False,0.0
154,Dr_C,user_problem_frame_development,2.0,2.0,2.0,False,0.0
154,Dr_C,user_reflective_engagement,1.0,2.0,1.5,False,1.0
154,Dr_D,user_authorship_direction_setting,3.0,3.0,3.0,False,0.0
154,Dr_D,user_cognitive_flexibility,2.0,2.0,2.0,False,0.0
154,Dr_D,user_constraint_integration,3.0,2.0,2.5,False,1.0
154,Dr_D,user_epistemic_stance_regulation,2.0,2.0,2.0,False,0.0
154,Dr_D,user_ideational_fluency,2.0,2.0,2.0,False,0.0
154,Dr_D,user_implementation_relevant_progress,2.0,2.0,2.0,False,0.0
154,Dr_D,user_problem_frame_development,2.0,2.0,2.0,False,0.0
154,Dr_D,user_reflective_engagement,2.0,2.0,2.0,False,0.0
154,Dr_I,user_authorship_direction_setting,2.0,2.0,2.0,False,0.0
154,Dr_I,user_cognitive_flexibility,2.0,2.0,2.0,False,0.0
154,Dr_I,user_constraint_integration,2.0,2.0,2.0,False,0.0
154,Dr_I,user_epistemic_stance_regulation,2.0,1.0,1.5,False,1.0
154,Dr_I,user_ideational_fluency,2.0,2.0,2.0,False,0.0
154,Dr_I,user_implementation_relevant_progress,2.0,2.0,2.0,False,0.0
154,Dr_I,user_problem_frame_development,2.0,2.0,2.0,False,0.0
154,Dr_I,user_reflective_engagement,2.0,2.0,2.0,False,0.0
154,Dr_L,user_authorship_direction_setting,3.0,3.0,3.0,False,0.0
154,Dr_L,user_cognitive_flexibility,2.0,2.0,2.0,False,0.0
154,Dr_L,user_constraint_integration,3.0,2.0,2.5,False,1.0
154,Dr_L,user_epistemic_stance_regulation,2.0,2.0,2.0,False,0.0
154,Dr_L,user_ideational_fluency,2.0,2.0,2.0,False,0.0
154,Dr_L,user_implementation_relevant_progress,2.0,2.0,2.0,False,0.0
154,Dr_L,user_problem_frame_development,2.0,3.0,2.5,False,1.0
154,Dr_L,user_reflective_engagement,1.0,2.0,1.5,False,1.0
155,Dr_C,user_ideational_fluency,3.0,,3.0,False,
155,Dr_D,user_cognitive_flexibility,2.0,1.0,1.5,False,1.0
155,Dr_D,user_ideational_fluency,2.0,2.0,2.0,False,0.0
155,Dr_D,user_problem_frame_development,2.0,2.0,2.0,False,0.0
155,Dr_D,user_reflective_engagement,2.0,2.0,2.0,False,0.0
155,Dr_I,user_cognitive_flexibility,2.0,1.0,1.5,False,1.0
155,Dr_I,user_ideational_fluency,2.0,2.0,2.0,False,0.0
155,Dr_I,user_problem_frame_development,2.0,1.0,1.5,False,1.0
155,Dr_I,user_reflective_engagement,1.0,2.0,1.5,False,1.0
171,Dr_C,user_authorship_direction_setting,3.0,3.0,3.0,False,0.0
171,Dr_C,user_cognitive_flexibility,2.0,2.0,2.0,False,0.0
171,Dr_C,user_constraint_integration,3.0,2.0,2.5,False,1.0
171,Dr_C,user_epistemic_stance_regulation,3.0,2.0,2.5,False,1.0
171,Dr_C,user_ideational_fluency,2.0,2.0,2.0,False,0.0
171,Dr_C,user_implementation_relevant_progress,4.0,4.0,4.0,False,0.0
171,Dr_C,user_problem_frame_development,2.0,2.0,2.0,False,0.0
171,Dr_C,user_reflective_engagement,2.0,2.0,2.0,False,0.0
171,Dr_D,user_authorship_direction_setting,3.0,3.0,3.0,False,0.0
171,Dr_D,user_cognitive_flexibility,2.0,2.0,2.0,False,0.0
171,Dr_D,user_constraint_integration,3.0,3.0,3.0,False,0.0
171,Dr_D,user_epistemic_stance_regulation,2.0,2.0,2.0,False,0.0
171,Dr_D,user_ideational_fluency,2.0,2.0,2.0,False,0.0
171,Dr_D,user_implementation_relevant_progress,4.0,4.0,4.0,False,0.0
171,Dr_D,user_problem_frame_development,2.0,2.0,2.0,False,0.0
171,Dr_D,user_reflective_engagement,2.0,2.0,2.0,False,0.0
171,Dr_I,user_authorship_direction_setting,3.0,2.0,2.5,False,1.0
171,Dr_I,user_cognitive_flexibility,2.0,2.0,2.0,False,0.0
171,Dr_I,user_constraint_integration,3.0,2.0,2.5,False,1.0
171,Dr_I,user_epistemic_stance_regulation,2.0,2.0,2.0,False,0.0
171,Dr_I,user_ideational_fluency,2.0,2.0,2.0,False,0.0
171,Dr_I,user_implementation_relevant_progress,4.0,3.0,3.5,False,1.0
171,Dr_I,user_problem_frame_development,2.0,2.0,2.0,False,0.0
171,Dr_I,user_reflective_engagement,2.0,2.0,2.0,False,0.0
171,Dr_L,user_authorship_direction_setting,2.0,3.0,2.5,False,1.0
171,Dr_L,user_cognitive_flexibility,2.0,2.0,2.0,False,0.0
171,Dr_L,user_constraint_integration,2.0,2.0,2.0,False,0.0
171,Dr_L,user_epistemic_stance_regulation,2.0,3.0,2.5,False,1.0
171,Dr_L,user_ideational_fluency,2.0,3.0,2.5,False,1.0
171,Dr_L,user_implementation_relevant_progress,2.0,4.0,3.0,True,2.0
171,Dr_L,user_problem_frame_development,2.0,2.0,2.0,False,0.0
171,Dr_L,user_reflective_engagement,2.0,2.0,2.0,False,0.0
196,Dr_C,user_authorship_direction_setting,6.0,6.0,6.0,False,0.0
196,Dr_C,user_cognitive_flexibility,4.0,5.0,4.5,False,1.0
196,Dr_C,user_constraint_integration,3.0,3.0,3.0,False,0.0
196,Dr_C,user_epistemic_stance_regulation,2.0,2.0,2.0,False,0.0
196,Dr_C,user_ideational_fluency,5.0,4.0,4.5,False,1.0
196,Dr_C,user_implementation_relevant_progress,3.0,3.0,3.0,False,0.0
196,Dr_C,user_problem_frame_development,3.0,4.0,3.5,False,1.0
196,Dr_C,user_reflective_engagement,2.0,3.0,2.5,False,1.0
196,Dr_D,user_authorship_direction_setting,6.0,6.0,6.0,False,0.0
196,Dr_D,user_cognitive_flexibility,5.0,5.0,5.0,False,0.0
196,Dr_D,user_constraint_integration,3.0,3.0,3.0,False,0.0
196,Dr_D,user_epistemic_stance_regulation,2.0,2.0,2.0,False,0.0
196,Dr_D,user_ideational_fluency,5.0,5.0,5.0,False,0.0
196,Dr_D,user_implementation_relevant_progress,3.0,3.0,3.0,False,0.0
196,Dr_D,user_problem_frame_development,4.0,4.0,4.0,False,0.0
196,Dr_D,user_reflective_engagement,3.0,3.0,3.0,False,0.0
196,Dr_I,user_authorship_direction_setting,6.0,6.0,6.0,False,0.0
196,Dr_I,user_cognitive_flexibility,5.0,4.0,4.5,False,1.0
196,Dr_I,user_constraint_integration,3.0,3.0,3.0,False,0.0
196,Dr_I,user_epistemic_stance_regulation,2.0,2.0,2.0,False,0.0
196,Dr_I,user_ideational_fluency,4.0,4.0,4.0,False,0.0
196,Dr_I,user_implementation_relevant_progress,3.0,3.0,3.0,False,0.0
196,Dr_I,user_problem_frame_development,4.0,4.0,4.0,False,0.0
196,Dr_I,user_reflective_engagement,2.0,3.0,2.5,False,1.0
196,Dr_L,user_authorship_direction_setting,6.0,6.0,6.0,False,0.0
196,Dr_L,user_cognitive_flexibility,5.0,5.0,5.0,False,0.0
196,Dr_L,user_constraint_integration,3.0,3.0,3.0,False,0.0
196,Dr_L,user_epistemic_stance_regulation,2.0,3.0,2.5,False,1.0
196,Dr_L,user_ideational_fluency,5.0,5.0,5.0,False,0.0
196,Dr_L,user_implementation_relevant_progress,3.0,3.0,3.0,False,0.0
196,Dr_L,user_problem_frame_development,4.0,5.0,4.5,False,1.0
196,Dr_L,user_reflective_engagement,2.0,2.0,2.0,False,0.0
199,Dr_C,user_authorship_direction_setting,5.0,5.0,5.0,False,0.0
199,Dr_C,user_cognitive_flexibility,3.0,2.0,2.5,False,1.0
199,Dr_C,user_constraint_integration,5.0,5.0,5.0,False,0.0
199,Dr_C,user_epistemic_stance_regulation,4.0,2.0,3.0,True,2.0
199,Dr_C,user_ideational_fluency,4.0,4.0,4.0,False,0.0
199,Dr_C,user_implementation_relevant_progress,4.0,4.0,4.0,False,0.0
199,Dr_C,user_problem_frame_development,2.0,2.0,2.0,False,0.0
199,Dr_C,user_reflective_engagement,2.0,2.0,2.0,False,0.0
199,Dr_D,user_authorship_direction_setting,5.0,3.0,4.0,True,2.0
199,Dr_D,user_cognitive_flexibility,3.0,3.0,3.0,False,0.0
199,Dr_D,user_constraint_integration,5.0,5.0,5.0,False,0.0
199,Dr_D,user_epistemic_stance_regulation,2.0,4.0,3.0,True,2.0
199,Dr_D,user_ideational_fluency,4.0,4.0,4.0,False,0.0
199,Dr_D,user_implementation_relevant_progress,4.0,5.0,4.5,False,1.0
199,Dr_D,user_problem_frame_development,2.0,3.0,2.5,False,1.0
199,Dr_D,user_reflective_engagement,3.0,3.0,3.0,False,0.0
199,Dr_I,user_authorship_direction_setting,5.0,3.0,4.0,True,2.0
199,Dr_I,user_cognitive_flexibility,3.0,3.0,3.0,False,0.0
199,Dr_I,user_constraint_integration,5.0,5.0,5.0,False,0.0
199,Dr_I,user_epistemic_stance_regulation,4.0,2.0,3.0,True,2.0
199,Dr_I,user_ideational_fluency,4.0,4.0,4.0,False,0.0
199,Dr_I,user_implementation_relevant_progress,4.0,4.0,4.0,False,0.0
199,Dr_I,user_problem_frame_development,2.0,2.0,2.0,False,0.0
199,Dr_I,user_reflective_engagement,3.0,3.0,3.0,False,0.0
199,Dr_L,user_authorship_direction_setting,5.0,5.0,5.0,False,0.0
199,Dr_L,user_cognitive_flexibility,3.0,3.0,3.0,False,0.0
199,Dr_L,user_constraint_integration,3.0,5.0,4.0,True,2.0
199,Dr_L,user_epistemic_stance_regulation,2.0,4.0,3.0,True,2.0
199,Dr_L,user_ideational_fluency,4.0,4.0,4.0,False,0.0
199,Dr_L,user_implementation_relevant_progress,4.0,4.0,4.0,False,0.0
199,Dr_L,user_problem_frame_development,2.0,2.0,2.0,False,0.0
199,Dr_L,user_reflective_engagement,2.0,3.0,2.5,False,1.0
200,Dr_C,user_authorship_direction_setting,3.0,3.0,3.0,False,0.0
200,Dr_C,user_cognitive_flexibility,2.0,2.0,2.0,False,0.0
200,Dr_C,user_constraint_integration,4.0,4.0,4.0,False,0.0
200,Dr_C,user_epistemic_stance_regulation,2.0,2.0,2.0,False,0.0
200,Dr_C,user_ideational_fluency,3.0,3.0,3.0,False,0.0
200,Dr_C,user_implementation_relevant_progress,4.0,3.0,3.5,False,1.0
200,Dr_C,user_problem_frame_development,1.0,1.0,1.0,False,0.0
200,Dr_C,user_reflective_engagement,1.0,1.0,1.0,False,0.0
200,Dr_D,user_authorship_direction_setting,3.0,3.0,3.0,False,0.0
200,Dr_D,user_cognitive_flexibility,2.0,2.0,2.0,False,0.0
200,Dr_D,user_constraint_integration,4.0,3.0,3.5,False,1.0
200,Dr_D,user_epistemic_stance_regulation,2.0,2.0,2.0,False,0.0
200,Dr_D,user_ideational_fluency,4.0,3.0,3.5,False,1.0
200,Dr_D,user_implementation_relevant_progress,4.0,3.0,3.5,False,1.0
200,Dr_D,user_problem_frame_development,1.0,2.0,1.5,False,1.0
200,Dr_D,user_reflective_engagement,1.0,1.0,1.0,False,0.0
200,Dr_I,user_authorship_direction_setting,2.0,3.0,2.5,False,1.0
200,Dr_I,user_cognitive_flexibility,2.0,2.0,2.0,False,0.0
200,Dr_I,user_constraint_integration,3.0,3.0,3.0,False,0.0
200,Dr_I,user_epistemic_stance_regulation,2.0,2.0,2.0,False,0.0
200,Dr_I,user_ideational_fluency,4.0,4.0,4.0,False,0.0
200,Dr_I,user_implementation_relevant_progress,3.0,3.0,3.0,False,0.0
200,Dr_I,user_problem_frame_development,1.0,1.0,1.0,False,0.0
200,Dr_I,user_reflective_engagement,1.0,1.0,1.0,False,0.0
200,Dr_L,user_authorship_direction_setting,2.0,3.0,2.5,False,1.0
200,Dr_L,user_cognitive_flexibility,2.0,2.0,2.0,False,0.0
200,Dr_L,user_constraint_integration,3.0,3.0,3.0,False,0.0
200,Dr_L,user_epistemic_stance_regulation,2.0,2.0,2.0,False,0.0
200,Dr_L,user_ideational_fluency,3.0,3.0,3.0,False,0.0
200,Dr_L,user_implementation_relevant_progress,3.0,3.0,3.0,False,0.0
200,Dr_L,user_problem_frame_development,1.0,2.0,1.5,False,1.0
200,Dr_L,user_reflective_engagement,1.0,1.0,1.0,False,0.0
203,Dr_C,user_authorship_direction_setting,6.0,6.0,6.0,False,0.0
203,Dr_C,user_cognitive_flexibility,3.0,3.0,3.0,False,0.0
203,Dr_C,user_constraint_integration,3.0,4.0,3.5,False,1.0
203,Dr_C,user_epistemic_stance_regulation,2.0,2.0,2.0,False,0.0
203,Dr_C,user_ideational_fluency,4.0,4.0,4.0,False,0.0
203,Dr_C,user_implementation_relevant_progress,4.0,3.0,3.5,False,1.0
203,Dr_C,user_problem_frame_development,2.0,2.0,2.0,False,0.0
203,Dr_C,user_reflective_engagement,1.0,1.0,1.0,False,0.0
203,Dr_D,user_authorship_direction_setting,6.0,6.0,6.0,False,0.0
203,Dr_D,user_cognitive_flexibility,2.0,2.0,2.0,False,0.0
203,Dr_D,user_constraint_integration,3.0,3.0,3.0,False,0.0
203,Dr_D,user_epistemic_stance_regulation,2.0,2.0,2.0,False,0.0
203,Dr_D,user_ideational_fluency,4.0,4.0,4.0,False,0.0
203,Dr_D,user_implementation_relevant_progress,3.0,4.0,3.5,False,1.0
203,Dr_D,user_problem_frame_development,2.0,2.0,2.0,False,0.0
203,Dr_D,user_reflective_engagement,2.0,1.0,1.5,False,1.0
203,Dr_I,user_authorship_direction_setting,6.0,6.0,6.0,False,0.0
203,Dr_I,user_cognitive_flexibility,3.0,2.0,2.5,False,1.0
203,Dr_I,user_constraint_integration,3.0,3.0,3.0,False,0.0
203,Dr_I,user_epistemic_stance_regulation,2.0,2.0,2.0,False,0.0
203,Dr_I,user_ideational_fluency,4.0,4.0,4.0,False,0.0
203,Dr_I,user_implementation_relevant_progress,3.0,3.0,3.0,False,0.0
203,Dr_I,user_problem_frame_development,2.0,2.0,2.0,False,0.0
203,Dr_I,user_reflective_engagement,1.0,1.0,1.0,False,0.0
203,Dr_L,user_authorship_direction_setting,6.0,6.0,6.0,False,0.0
203,Dr_L,user_cognitive_flexibility,3.0,3.0,3.0,False,0.0
203,Dr_L,user_constraint_integration,2.0,3.0,2.5,False,1.0
203,Dr_L,user_epistemic_stance_regulation,2.0,2.0,2.0,False,0.0
203,Dr_L,user_ideational_fluency,4.0,4.0,4.0,False,0.0
203,Dr_L,user_implementation_relevant_progress,3.0,4.0,3.5,False,1.0
203,Dr_L,user_problem_frame_development,2.0,3.0,2.5,False,1.0
203,Dr_L,user_reflective_engagement,1.0,1.0,1.0,False,0.0
204,Dr_C,user_authorship_direction_setting,6.0,6.0,6.0,False,0.0
204,Dr_C,user_cognitive_flexibility,4.0,5.0,4.5,False,1.0
204,Dr_C,user_constraint_integration,3.0,3.0,3.0,False,0.0
204,Dr_C,user_epistemic_stance_regulation,2.0,2.0,2.0,False,0.0
204,Dr_C,user_ideational_fluency,5.0,4.0,4.5,False,1.0
204,Dr_C,user_implementation_relevant_progress,3.0,3.0,3.0,False,0.0
204,Dr_C,user_problem_frame_development,3.0,3.0,3.0,False,0.0
204,Dr_C,user_reflective_engagement,2.0,3.0,2.5,False,1.0
204,Dr_D,user_authorship_direction_setting,6.0,6.0,6.0,False,0.0
204,Dr_D,user_cognitive_flexibility,3.0,5.0,4.0,True,2.0
204,Dr_D,user_constraint_integration,3.0,3.0,3.0,False,0.0
204,Dr_D,user_epistemic_stance_regulation,2.0,2.0,2.0,False,0.0
204,Dr_D,user_ideational_fluency,5.0,5.0,5.0,False,0.0
204,Dr_D,user_implementation_relevant_progress,3.0,3.0,3.0,False,0.0
204,Dr_D,user_problem_frame_development,4.0,3.0,3.5,False,1.0
204,Dr_D,user_reflective_engagement,3.0,3.0,3.0,False,0.0
204,Dr_I,user_authorship_direction_setting,6.0,6.0,6.0,False,0.0
204,Dr_I,user_cognitive_flexibility,5.0,5.0,5.0,False,0.0
204,Dr_I,user_constraint_integration,3.0,3.0,3.0,False,0.0
204,Dr_I,user_epistemic_stance_regulation,2.0,2.0,2.0,False,0.0
204,Dr_I,user_ideational_fluency,5.0,5.0,5.0,False,0.0
204,Dr_I,user_implementation_relevant_progress,3.0,3.0,3.0,False,0.0
204,Dr_I,user_problem_frame_development,3.0,3.0,3.0,False,0.0
204,Dr_I,user_reflective_engagement,2.0,2.0,2.0,False,0.0
204,Dr_L,user_authorship_direction_setting,6.0,6.0,6.0,False,0.0
204,Dr_L,user_cognitive_flexibility,5.0,5.0,5.0,False,0.0
204,Dr_L,user_constraint_integration,3.0,3.0,3.0,False,0.0
204,Dr_L,user_epistemic_stance_regulation,2.0,3.0,2.5,False,1.0
204,Dr_L,user_ideational_fluency,5.0,5.0,5.0,False,0.0
204,Dr_L,user_implementation_relevant_progress,2.0,3.0,2.5,False,1.0
204,Dr_L,user_problem_frame_development,3.0,3.0,3.0,False,0.0
204,Dr_L,user_reflective_engagement,2.0,3.0,2.5,False,1.0
206,Dr_C,user_authorship_direction_setting,6.0,6.0,6.0,False,0.0
206,Dr_C,user_cognitive_flexibility,3.0,3.0,3.0,False,0.0
206,Dr_C,user_constraint_integration,6.0,5.0,5.5,False,1.0
206,Dr_C,user_epistemic_stance_regulation,5.0,4.0,4.5,False,1.0
206,Dr_C,user_ideational_fluency,3.0,3.0,3.0,False,0.0
206,Dr_C,user_implementation_relevant_progress,3.0,4.0,3.5,False,1.0
206,Dr_C,user_problem_frame_development,5.0,5.0,5.0,False,0.0
206,Dr_C,user_reflective_engagement,5.0,5.0,5.0,False,0.0
206,Dr_D,user_authorship_direction_setting,6.0,6.0,6.0,False,0.0
206,Dr_D,user_cognitive_flexibility,3.0,3.0,3.0,False,0.0
206,Dr_D,user_constraint_integration,5.0,5.0,5.0,False,0.0
206,Dr_D,user_epistemic_stance_regulation,4.0,4.0,4.0,False,0.0
206,Dr_D,user_ideational_fluency,3.0,3.0,3.0,False,0.0
206,Dr_D,user_implementation_relevant_progress,3.0,3.0,3.0,False,0.0
206,Dr_D,user_problem_frame_development,5.0,5.0,5.0,False,0.0
206,Dr_D,user_reflective_engagement,5.0,5.0,5.0,False,0.0
206,Dr_I,user_authorship_direction_setting,6.0,6.0,6.0,False,0.0
206,Dr_I,user_cognitive_flexibility,3.0,3.0,3.0,False,0.0
206,Dr_I,user_constraint_integration,5.0,5.0,5.0,False,0.0
206,Dr_I,user_epistemic_stance_regulation,5.0,4.0,4.5,False,1.0
206,Dr_I,user_ideational_fluency,3.0,4.0,3.5,False,1.0
206,Dr_I,user_implementation_relevant_progress,4.0,3.0,3.5,False,1.0
206,Dr_I,user_problem_frame_development,5.0,4.0,4.5,False,1.0
206,Dr_I,user_reflective_engagement,5.0,4.0,4.5,False,1.0
206,Dr_L,user_authorship_direction_setting,5.0,6.0,5.5,False,1.0
206,Dr_L,user_cognitive_flexibility,2.0,3.0,2.5,False,1.0
206,Dr_L,user_constraint_integration,5.0,5.0,5.0,False,0.0
206,Dr_L,user_epistemic_stance_regulation,5.0,5.0,5.0,False,0.0
206,Dr_L,user_ideational_fluency,4.0,4.0,4.0,False,0.0
206,Dr_L,user_implementation_relevant_progress,3.0,3.0,3.0,False,0.0
206,Dr_L,user_problem_frame_development,5.0,5.0,5.0,False,0.0
206,Dr_L,user_reflective_engagement,4.0,5.0,4.5,False,1.0
208,Dr_C,user_authorship_direction_setting,6.0,6.0,6.0,False,0.0
208,Dr_C,user_cognitive_flexibility,3.0,3.0,3.0,False,0.0
208,Dr_C,user_constraint_integration,5.0,3.0,4.0,True,2.0
208,Dr_C,user_epistemic_stance_regulation,5.0,4.0,4.5,False,1.0
208,Dr_C,user_ideational_fluency,4.0,4.0,4.0,False,0.0
208,Dr_C,user_implementation_relevant_progress,5.0,4.0,4.5,False,1.0
208,Dr_C,user_problem_frame_development,4.0,4.0,4.0,False,0.0
208,Dr_C,user_reflective_engagement,3.0,3.0,3.0,False,0.0
208,Dr_D,user_authorship_direction_setting,6.0,6.0,6.0,False,0.0
208,Dr_D,user_cognitive_flexibility,2.0,2.0,2.0,False,0.0
208,Dr_D,user_constraint_integration,3.0,3.0,3.0,False,0.0
208,Dr_D,user_epistemic_stance_regulation,4.0,4.0,4.0,False,0.0
208,Dr_D,user_ideational_fluency,4.0,4.0,4.0,False,0.0
208,Dr_D,user_implementation_relevant_progress,5.0,5.0,5.0,False,0.0
208,Dr_D,user_problem_frame_development,4.0,4.0,4.0,False,0.0
208,Dr_D,user_reflective_engagement,3.0,3.0,3.0,False,0.0
208,Dr_I,user_authorship_direction_setting,6.0,6.0,6.0,False,0.0
208,Dr_I,user_cognitive_flexibility,3.0,2.0,2.5,False,1.0
208,Dr_I,user_constraint_integration,5.0,2.0,3.5,True,3.0
208,Dr_I,user_epistemic_stance_regulation,4.0,4.0,4.0,False,0.0
208,Dr_I,user_ideational_fluency,4.0,4.0,4.0,False,0.0
208,Dr_I,user_implementation_relevant_progress,5.0,5.0,5.0,False,0.0
208,Dr_I,user_problem_frame_development,4.0,4.0,4.0,False,0.0
208,Dr_I,user_reflective_engagement,3.0,3.0,3.0,False,0.0
208,Dr_L,user_authorship_direction_setting,6.0,6.0,6.0,False,0.0
208,Dr_L,user_cognitive_flexibility,2.0,3.0,2.5,False,1.0
208,Dr_L,user_constraint_integration,3.0,5.0,4.0,True,2.0
208,Dr_L,user_epistemic_stance_regulation,4.0,5.0,4.5,False,1.0
208,Dr_L,user_ideational_fluency,5.0,4.0,4.5,False,1.0
208,Dr_L,user_implementation_relevant_progress,4.0,5.0,4.5,False,1.0
208,Dr_L,user_problem_frame_development,4.0,4.0,4.0,False,0.0
208,Dr_L,user_reflective_engagement,2.0,3.0,2.5,False,1.0
211,Dr_C,user_authorship_direction_setting,6.0,6.0,6.0,False,0.0
211,Dr_C,user_cognitive_flexibility,2.0,2.0,2.0,False,0.0
211,Dr_C,user_constraint_integration,3.0,2.0,2.5,False,1.0
211,Dr_C,user_epistemic_stance_regulation,2.0,2.0,2.0,False,0.0
211,Dr_C,user_ideational_fluency,2.0,1.0,1.5,False,1.0
211,Dr_C,user_implementation_relevant_progress,4.0,5.0,4.5,False,1.0
211,Dr_C,user_problem_frame_development,2.0,2.0,2.0,False,0.0
211,Dr_C,user_reflective_engagement,2.0,2.0,2.0,False,0.0
211,Dr_D,user_authorship_direction_setting,6.0,3.0,4.5,True,3.0
211,Dr_D,user_cognitive_flexibility,1.0,2.0,1.5,False,1.0
211,Dr_D,user_constraint_integration,2.0,2.0,2.0,False,0.0
211,Dr_D,user_epistemic_stance_regulation,2.0,2.0,2.0,False,0.0
211,Dr_D,user_ideational_fluency,1.0,1.0,1.0,False,0.0
211,Dr_D,user_implementation_relevant_progress,4.0,5.0,4.5,False,1.0
211,Dr_D,user_problem_frame_development,2.0,2.0,2.0,False,0.0
211,Dr_D,user_reflective_engagement,3.0,2.0,2.5,False,1.0
211,Dr_I,user_authorship_direction_setting,2.0,6.0,4.0,True,4.0
211,Dr_I,user_cognitive_flexibility,2.0,1.0,1.5,False,1.0
211,Dr_I,user_constraint_integration,2.0,2.0,2.0,False,0.0
211,Dr_I,user_epistemic_stance_regulation,2.0,2.0,2.0,False,0.0
211,Dr_I,user_ideational_fluency,1.0,1.0,1.0,False,0.0
211,Dr_I,user_implementation_relevant_progress,3.0,3.0,3.0,False,0.0
211,Dr_I,user_problem_frame_development,2.0,1.0,1.5,False,1.0
211,Dr_I,user_reflective_engagement,2.0,3.0,2.5,False,1.0
211,Dr_L,user_authorship_direction_setting,6.0,6.0,6.0,False,0.0
211,Dr_L,user_cognitive_flexibility,2.0,2.0,2.0,False,0.0
211,Dr_L,user_constraint_integration,2.0,2.0,2.0,False,0.0
211,Dr_L,user_epistemic_stance_regulation,2.0,2.0,2.0,False,0.0
211,Dr_L,user_ideational_fluency,2.0,2.0,2.0,False,0.0
211,Dr_L,user_implementation_relevant_progress,4.0,4.0,4.0,False,0.0
211,Dr_L,user_problem_frame_development,2.0,2.0,2.0,False,0.0
211,Dr_L,user_reflective_engagement,2.0,2.0,2.0,False,0.0
212,Dr_C,user_authorship_direction_setting,6.0,6.0,6.0,False,0.0
212,Dr_C,user_cognitive_flexibility,4.0,5.0,4.5,False,1.0
212,Dr_C,user_constraint_integration,5.0,5.0,5.0,False,0.0
212,Dr_C,user_epistemic_stance_regulation,2.0,2.0,2.0,False,0.0
212,Dr_C,user_ideational_fluency,4.0,,4.0,False,
212,Dr_C,user_implementation_relevant_progress,3.0,2.0,2.5,False,1.0
212,Dr_C,user_problem_frame_development,2.0,2.0,2.0,False,0.0
212,Dr_C,user_reflective_engagement,1.0,1.0,1.0,False,0.0
212,Dr_D,user_authorship_direction_setting,6.0,3.0,4.5,True,3.0
212,Dr_D,user_cognitive_flexibility,3.0,3.0,3.0,False,0.0
212,Dr_D,user_constraint_integration,5.0,5.0,5.0,False,0.0
212,Dr_D,user_epistemic_stance_regulation,1.0,2.0,1.5,False,1.0
212,Dr_D,user_ideational_fluency,4.0,4.0,4.0,False,0.0
212,Dr_D,user_implementation_relevant_progress,2.0,2.0,2.0,False,0.0
212,Dr_D,user_problem_frame_development,2.0,2.0,2.0,False,0.0
212,Dr_D,user_reflective_engagement,2.0,1.0,1.5,False,1.0
212,Dr_I,user_authorship_direction_setting,6.0,6.0,6.0,False,0.0
212,Dr_I,user_cognitive_flexibility,4.0,,4.0,False,
212,Dr_I,user_constraint_integration,5.0,4.0,4.5,False,1.0
212,Dr_I,user_epistemic_stance_regulation,2.0,2.0,2.0,False,0.0
212,Dr_I,user_ideational_fluency,4.0,4.0,4.0,False,0.0
212,Dr_I,user_implementation_relevant_progress,3.0,2.0,2.5,False,1.0
212,Dr_I,user_problem_frame_development,2.0,1.0,1.5,False,1.0
212,Dr_I,user_reflective_engagement,1.0,1.0,1.0,False,0.0
212,Dr_L,user_authorship_direction_setting,6.0,6.0,6.0,False,0.0
212,Dr_L,user_cognitive_flexibility,4.0,5.0,4.5,False,1.0
212,Dr_L,user_constraint_integration,5.0,5.0,5.0,False,0.0
212,Dr_L,user_epistemic_stance_regulation,2.0,2.0,2.0,False,0.0
212,Dr_L,user_ideational_fluency,4.0,4.0,4.0,False,0.0
212,Dr_L,user_implementation_relevant_progress,3.0,2.0,2.5,False,1.0
212,Dr_L,user_problem_frame_development,1.0,2.0,1.5,False,1.0
212,Dr_L,user_reflective_engagement,1.0,1.0,1.0,False,0.0
213,Dr_C,user_authorship_direction_setting,6.0,6.0,6.0,False,0.0
213,Dr_C,user_cognitive_flexibility,3.0,2.0,2.5,False,1.0
213,Dr_C,user_constraint_integration,3.0,3.0,3.0,False,0.0
213,Dr_C,user_epistemic_stance_regulation,4.0,2.0,3.0,True,2.0
213,Dr_C,user_ideational_fluency,4.0,3.0,3.5,False,1.0
213,Dr_C,user_implementation_relevant_progress,5.0,4.0,4.5,False,1.0
213,Dr_C,user_problem_frame_development,3.0,2.0,2.5,False,1.0
213,Dr_C,user_reflective_engagement,3.0,3.0,3.0,False,0.0
213,Dr_D,user_authorship_direction_setting,6.0,6.0,6.0,False,0.0
213,Dr_D,user_cognitive_flexibility,2.0,2.0,2.0,False,0.0
213,Dr_D,user_constraint_integration,2.0,2.0,2.0,False,0.0
213,Dr_D,user_epistemic_stance_regulation,4.0,4.0,4.0,False,0.0
213,Dr_D,user_ideational_fluency,3.0,3.0,3.0,False,0.0
213,Dr_D,user_implementation_relevant_progress,4.0,5.0,4.5,False,1.0
213,Dr_D,user_problem_frame_development,3.0,3.0,3.0,False,0.0
213,Dr_D,user_reflective_engagement,,3.0,3.0,False,
213,Dr_I,user_authorship_direction_setting,6.0,6.0,6.0,False,0.0
213,Dr_I,user_cognitive_flexibility,2.0,2.0,2.0,False,0.0
213,Dr_I,user_constraint_integration,3.0,3.0,3.0,False,0.0
213,Dr_I,user_epistemic_stance_regulation,2.0,2.0,2.0,False,0.0
213,Dr_I,user_ideational_fluency,4.0,4.0,4.0,False,0.0
213,Dr_I,user_implementation_relevant_progress,4.0,4.0,4.0,False,0.0
213,Dr_I,user_problem_frame_development,3.0,3.0,3.0,False,0.0
213,Dr_I,user_reflective_engagement,2.0,3.0,2.5,False,1.0
213,Dr_L,user_authorship_direction_setting,6.0,6.0,6.0,False,0.0
213,Dr_L,user_cognitive_flexibility,3.0,3.0,3.0,False,0.0
213,Dr_L,user_constraint_integration,2.0,2.0,2.0,False,0.0
213,Dr_L,user_epistemic_stance_regulation,3.0,4.0,3.5,False,1.0
213,Dr_L,user_ideational_fluency,4.0,4.0,4.0,False,0.0
213,Dr_L,user_implementation_relevant_progress,4.0,5.0,4.5,False,1.0
213,Dr_L,user_problem_frame_development,3.0,4.0,3.5,False,1.0
213,Dr_L,user_reflective_engagement,2.0,3.0,2.5,False,1.0
216,Dr_C,user_authorship_direction_setting,6.0,6.0,6.0,False,0.0
216,Dr_C,user_cognitive_flexibility,3.0,3.0,3.0,False,0.0
216,Dr_C,user_constraint_integration,5.0,5.0,5.0,False,0.0
216,Dr_C,user_epistemic_stance_regulation,4.0,4.0,4.0,False,0.0
216,Dr_C,user_ideational_fluency,4.0,4.0,4.0,False,0.0
216,Dr_C,user_implementation_relevant_progress,4.0,3.0,3.5,False,1.0
216,Dr_C,user_problem_frame_development,2.0,2.0,2.0,False,0.0
216,Dr_C,user_reflective_engagement,2.0,2.0,2.0,False,0.0
216,Dr_D,user_authorship_direction_setting,6.0,6.0,6.0,False,0.0
216,Dr_D,user_cognitive_flexibility,2.0,3.0,2.5,False,1.0
216,Dr_D,user_constraint_integration,5.0,5.0,5.0,False,0.0
216,Dr_D,user_epistemic_stance_regulation,4.0,4.0,4.0,False,0.0
216,Dr_D,user_ideational_fluency,4.0,4.0,4.0,False,0.0
216,Dr_D,user_implementation_relevant_progress,4.0,4.0,4.0,False,0.0
216,Dr_D,user_problem_frame_development,2.0,2.0,2.0,False,0.0
216,Dr_D,user_reflective_engagement,3.0,2.0,2.5,False,1.0
216,Dr_I,user_authorship_direction_setting,6.0,6.0,6.0,False,0.0
216,Dr_I,user_cognitive_flexibility,3.0,3.0,3.0,False,0.0
216,Dr_I,user_constraint_integration,5.0,5.0,5.0,False,0.0
216,Dr_I,user_epistemic_stance_regulation,4.0,4.0,4.0,False,0.0
216,Dr_I,user_ideational_fluency,4.0,4.0,4.0,False,0.0
216,Dr_I,user_implementation_relevant_progress,3.0,3.0,3.0,False,0.0
216,Dr_I,user_problem_frame_development,2.0,2.0,2.0,False,0.0
216,Dr_I,user_reflective_engagement,2.0,3.0,2.5,False,1.0
216,Dr_L,user_authorship_direction_setting,5.0,6.0,5.5,False,1.0
216,Dr_L,user_cognitive_flexibility,3.0,3.0,3.0,False,0.0
216,Dr_L,user_constraint_integration,4.0,5.0,4.5,False,1.0
216,Dr_L,user_epistemic_stance_regulation,3.0,4.0,3.5,False,1.0
216,Dr_L,user_ideational_fluency,4.0,5.0,4.5,False,1.0
216,Dr_L,user_implementation_relevant_progress,3.0,4.0,3.5,False,1.0
216,Dr_L,user_problem_frame_development,2.0,2.0,2.0,False,0.0
216,Dr_L,user_reflective_engagement,1.0,2.0,1.5,False,1.0
218,Dr_C,user_authorship_direction_setting,2.0,2.0,2.0,False,0.0
218,Dr_C,user_cognitive_flexibility,1.0,1.0,1.0,False,0.0
218,Dr_C,user_constraint_integration,2.0,1.0,1.5,False,1.0
218,Dr_C,user_epistemic_stance_regulation,1.0,1.0,1.0,False,0.0
218,Dr_C,user_ideational_fluency,2.0,1.0,1.5,False,1.0
218,Dr_C,user_implementation_relevant_progress,1.0,1.0,1.0,False,0.0
218,Dr_C,user_problem_frame_development,1.0,1.0,1.0,False,0.0
218,Dr_C,user_reflective_engagement,1.0,1.0,1.0,False,0.0
218,Dr_D,user_authorship_direction_setting,2.0,2.0,2.0,False,0.0
218,Dr_D,user_cognitive_flexibility,1.0,1.0,1.0,False,0.0
218,Dr_D,user_constraint_integration,1.0,1.0,1.0,False,0.0
218,Dr_D,user_epistemic_stance_regulation,1.0,1.0,1.0,False,0.0
218,Dr_D,user_ideational_fluency,1.0,1.0,1.0,False,0.0
218,Dr_D,user_implementation_relevant_progress,2.0,2.0,2.0,False,0.0
218,Dr_D,user_problem_frame_development,1.0,1.0,1.0,False,0.0
218,Dr_D,user_reflective_engagement,2.0,2.0,2.0,False,0.0
218,Dr_I,user_authorship_direction_setting,2.0,2.0,2.0,False,0.0
218,Dr_I,user_cognitive_flexibility,1.0,1.0,1.0,False,0.0
218,Dr_I,user_constraint_integration,2.0,1.0,1.5,False,1.0
218,Dr_I,user_epistemic_stance_regulation,1.0,1.0,1.0,False,0.0
218,Dr_I,user_ideational_fluency,1.0,1.0,1.0,False,0.0
218,Dr_I,user_implementation_relevant_progress,2.0,1.0,1.5,False,1.0
218,Dr_I,user_problem_frame_development,1.0,1.0,1.0,False,0.0
218,Dr_I,user_reflective_engagement,1.0,1.0,1.0,False,0.0
218,Dr_L,user_authorship_direction_setting,2.0,,2.0,False,
218,Dr_L,user_cognitive_flexibility,1.0,1.0,1.0,False,0.0
218,Dr_L,user_constraint_integration,1.0,1.0,1.0,False,0.0
218,Dr_L,user_epistemic_stance_regulation,1.0,2.0,1.5,False,1.0
218,Dr_L,user_ideational_fluency,2.0,2.0,2.0,False,0.0
218,Dr_L,user_implementation_relevant_progress,1.0,2.0,1.5,False,1.0
218,Dr_L,user_problem_frame_development,1.0,1.0,1.0,False,0.0
218,Dr_L,user_reflective_engagement,1.0,1.0,1.0,False,0.0
219,Dr_C,user_cognitive_flexibility,,2.0,2.0,False,
219,Dr_C,user_constraint_integration,3.0,3.0,3.0,False,0.0
219,Dr_C,user_epistemic_stance_regulation,2.0,2.0,2.0,False,0.0
219,Dr_C,user_ideational_fluency,3.0,,3.0,False,
219,Dr_C,user_implementation_relevant_progress,4.0,3.0,3.5,False,1.0
219,Dr_C,user_problem_frame_development,,2.0,2.0,False,
219,Dr_C,user_reflective_engagement,,1.0,1.0,False,
219,Dr_D,user_authorship_direction_setting,,2.0,2.0,False,
219,Dr_D,user_cognitive_flexibility,2.0,2.0,2.0,False,0.0
219,Dr_D,user_constraint_integration,,3.0,3.0,False,
219,Dr_D,user_epistemic_stance_regulation,2.0,2.0,2.0,False,0.0
219,Dr_D,user_implementation_relevant_progress,,3.0,3.0,False,
219,Dr_I,user_authorship_direction_setting,2.0,,2.0,False,
219,Dr_I,user_cognitive_flexibility,3.0,2.0,2.5,False,1.0
219,Dr_I,user_constraint_integration,3.0,3.0,3.0,False,0.0
219,Dr_I,user_epistemic_stance_regulation,2.0,,2.0,False,
219,Dr_I,user_ideational_fluency,3.0,3.0,3.0,False,0.0
219,Dr_I,user_implementation_relevant_progress,3.0,3.0,3.0,False,0.0
219,Dr_I,user_problem_frame_development,2.0,2.0,2.0,False,0.0
219,Dr_I,user_reflective_engagement,2.0,1.0,1.5,False,1.0
219,Dr_L,user_authorship_direction_setting,3.0,3.0,3.0,False,0.0
219,Dr_L,user_cognitive_flexibility,2.0,2.0,2.0,False,0.0
219,Dr_L,user_constraint_integration,3.0,3.0,3.0,False,0.0
219,Dr_L,user_epistemic_stance_regulation,2.0,2.0,2.0,False,0.0
219,Dr_L,user_ideational_fluency,3.0,3.0,3.0,False,0.0
219,Dr_L,user_implementation_relevant_progress,3.0,3.0,3.0,False,0.0
219,Dr_L,user_problem_frame_development,2.0,2.0,2.0,False,0.0
219,Dr_L,user_reflective_engagement,1.0,2.0,1.5,False,1.0
221,Dr_C,user_authorship_direction_setting,3.0,2.0,2.5,False,1.0
221,Dr_C,user_cognitive_flexibility,2.0,2.0,2.0,False,0.0
221,Dr_C,user_constraint_integration,2.0,2.0,2.0,False,0.0
221,Dr_C,user_epistemic_stance_regulation,2.0,2.0,2.0,False,0.0
221,Dr_C,user_ideational_fluency,3.0,3.0,3.0,False,0.0
221,Dr_C,user_implementation_relevant_progress,2.0,2.0,2.0,False,0.0
221,Dr_C,user_problem_frame_development,2.0,2.0,2.0,False,0.0
221,Dr_C,user_reflective_engagement,2.0,2.0,2.0,False,0.0
221,Dr_D,user_authorship_direction_setting,3.0,2.0,2.5,False,1.0
221,Dr_D,user_cognitive_flexibility,2.0,2.0,2.0,False,0.0
221,Dr_D,user_constraint_integration,2.0,2.0,2.0,False,0.0
221,Dr_D,user_epistemic_stance_regulation,2.0,2.0,2.0,False,0.0
221,Dr_D,user_ideational_fluency,3.0,3.0,3.0,False,0.0
221,Dr_D,user_implementation_relevant_progress,3.0,3.0,3.0,False,0.0
221,Dr_D,user_problem_frame_development,2.0,2.0,2.0,False,0.0
221,Dr_D,user_reflective_engagement,3.0,3.0,3.0,False,0.0
221,Dr_I,user_authorship_direction_setting,2.0,2.0,2.0,False,0.0
221,Dr_I,user_cognitive_flexibility,2.0,2.0,2.0,False,0.0
221,Dr_I,user_constraint_integration,2.0,2.0,2.0,False,0.0
221,Dr_I,user_epistemic_stance_regulation,2.0,2.0,2.0,False,0.0
221,Dr_I,user_ideational_fluency,3.0,2.0,2.5,False,1.0
221,Dr_I,user_implementation_relevant_progress,2.0,2.0,2.0,False,0.0
221,Dr_I,user_problem_frame_development,2.0,2.0,2.0,False,0.0
221,Dr_I,user_reflective_engagement,2.0,3.0,2.5,False,1.0
221,Dr_L,user_authorship_direction_setting,2.0,2.0,2.0,False,0.0
221,Dr_L,user_cognitive_flexibility,2.0,2.0,2.0,False,0.0
221,Dr_L,user_constraint_integration,2.0,2.0,2.0,False,0.0
221,Dr_L,user_epistemic_stance_regulation,2.0,2.0,2.0,False,0.0
221,Dr_L,user_ideational_fluency,3.0,3.0,3.0,False,0.0
221,Dr_L,user_implementation_relevant_progress,2.0,3.0,2.5,False,1.0
221,Dr_L,user_problem_frame_development,2.0,2.0,2.0,False,0.0
221,Dr_L,user_reflective_engagement,2.0,2.0,2.0,False,0.0
223,Dr_C,user_authorship_direction_setting,6.0,5.0,5.5,False,1.0
223,Dr_C,user_cognitive_flexibility,2.0,2.0,2.0,False,0.0
223,Dr_C,user_constraint_integration,2.0,2.0,2.0,False,0.0
223,Dr_C,user_epistemic_stance_regulation,3.0,2.0,2.5,False,1.0
223,Dr_C,user_ideational_fluency,3.0,3.0,3.0,False,0.0
223,Dr_C,user_implementation_relevant_progress,3.0,3.0,3.0,False,0.0
223,Dr_C,user_problem_frame_development,2.0,1.0,1.5,False,1.0
223,Dr_C,user_reflective_engagement,1.0,1.0,1.0,False,0.0
223,Dr_D,user_authorship_direction_setting,5.0,5.0,5.0,False,0.0
223,Dr_D,user_cognitive_flexibility,2.0,2.0,2.0,False,0.0
223,Dr_D,user_constraint_integration,3.0,2.0,2.5,False,1.0
223,Dr_D,user_epistemic_stance_regulation,2.0,2.0,2.0,False,0.0
223,Dr_D,user_ideational_fluency,3.0,2.0,2.5,False,1.0
223,Dr_D,user_implementation_relevant_progress,3.0,3.0,3.0,False,0.0
223,Dr_D,user_problem_frame_development,2.0,2.0,2.0,False,0.0
223,Dr_D,user_reflective_engagement,2.0,1.0,1.5,False,1.0
223,Dr_I,user_authorship_direction_setting,5.0,5.0,5.0,False,0.0
223,Dr_I,user_cognitive_flexibility,2.0,2.0,2.0,False,0.0
223,Dr_I,user_constraint_integration,3.0,2.0,2.5,False,1.0
223,Dr_I,user_epistemic_stance_regulation,2.0,2.0,2.0,False,0.0
223,Dr_I,user_ideational_fluency,3.0,2.0,2.5,False,1.0
223,Dr_I,user_implementation_relevant_progress,3.0,2.0,2.5,False,1.0
223,Dr_I,user_problem_frame_development,2.0,2.0,2.0,False,0.0
223,Dr_I,user_reflective_engagement,1.0,2.0,1.5,False,1.0
223,Dr_L,user_authorship_direction_setting,5.0,5.0,5.0,False,0.0
223,Dr_L,user_cognitive_flexibility,2.0,2.0,2.0,False,0.0
223,Dr_L,user_constraint_integration,2.0,2.0,2.0,False,0.0
223,Dr_L,user_epistemic_stance_regulation,2.0,3.0,2.5,False,1.0
223,Dr_L,user_ideational_fluency,3.0,3.0,3.0,False,0.0
223,Dr_L,user_implementation_relevant_progress,3.0,3.0,3.0,False,0.0
223,Dr_L,user_problem_frame_development,1.0,2.0,1.5,False,1.0
223,Dr_L,user_reflective_engagement,1.0,1.0,1.0,False,0.0
226,Dr_C,user_authorship_direction_setting,3.0,3.0,3.0,False,0.0
226,Dr_C,user_cognitive_flexibility,2.0,2.0,2.0,False,0.0
226,Dr_C,user_constraint_integration,1.0,1.0,1.0,False,0.0
226,Dr_C,user_epistemic_stance_regulation,2.0,2.0,2.0,False,0.0
226,Dr_C,user_ideational_fluency,1.0,1.0,1.0,False,0.0
226,Dr_C,user_implementation_relevant_progress,2.0,2.0,2.0,False,0.0
226,Dr_C,user_problem_frame_development,1.0,1.0,1.0,False,0.0
226,Dr_C,user_reflective_engagement,1.0,1.0,1.0,False,0.0
226,Dr_D,user_authorship_direction_setting,3.0,2.0,2.5,False,1.0
226,Dr_D,user_cognitive_flexibility,1.0,2.0,1.5,False,1.0
226,Dr_D,user_constraint_integration,1.0,1.0,1.0,False,0.0
226,Dr_D,user_epistemic_stance_regulation,2.0,2.0,2.0,False,0.0
226,Dr_D,user_ideational_fluency,1.0,1.0,1.0,False,0.0
226,Dr_D,user_implementation_relevant_progress,2.0,2.0,2.0,False,0.0
226,Dr_D,user_problem_frame_development,1.0,1.0,1.0,False,0.0
226,Dr_D,user_reflective_engagement,1.0,1.0,1.0,False,0.0
226,Dr_I,user_authorship_direction_setting,2.0,2.0,2.0,False,0.0
226,Dr_I,user_cognitive_flexibility,1.0,1.0,1.0,False,0.0
226,Dr_I,user_constraint_integration,1.0,1.0,1.0,False,0.0
226,Dr_I,user_epistemic_stance_regulation,2.0,1.0,1.5,False,1.0
226,Dr_I,user_ideational_fluency,1.0,1.0,1.0,False,0.0
226,Dr_I,user_implementation_relevant_progress,2.0,2.0,2.0,False,0.0
226,Dr_I,user_problem_frame_development,1.0,1.0,1.0,False,0.0
226,Dr_I,user_reflective_engagement,1.0,1.0,1.0,False,0.0
226,Dr_L,user_authorship_direction_setting,5.0,5.0,5.0,False,0.0
226,Dr_L,user_cognitive_flexibility,1.0,2.0,1.5,False,1.0
226,Dr_L,user_constraint_integration,1.0,1.0,1.0,False,0.0
226,Dr_L,user_epistemic_stance_regulation,2.0,2.0,2.0,False,0.0
226,Dr_L,user_ideational_fluency,2.0,2.0,2.0,False,0.0
226,Dr_L,user_implementation_relevant_progress,2.0,2.0,2.0,False,0.0
226,Dr_L,user_problem_frame_development,1.0,1.0,1.0,False,0.0
226,Dr_L,user_reflective_engagement,1.0,1.0,1.0,False,0.0
227,Dr_C,user_authorship_direction_setting,6.0,2.0,4.0,True,4.0
227,Dr_C,user_cognitive_flexibility,1.0,1.0,1.0,False,0.0
227,Dr_C,user_constraint_integration,2.0,2.0,2.0,False,0.0
227,Dr_C,user_epistemic_stance_regulation,1.0,1.0,1.0,False,0.0
227,Dr_C,user_ideational_fluency,1.0,1.0,1.0,False,0.0
227,Dr_C,user_implementation_relevant_progress,1.0,1.0,1.0,False,0.0
227,Dr_C,user_problem_frame_development,1.0,1.0,1.0,False,0.0
227,Dr_C,user_reflective_engagement,1.0,1.0,1.0,False,0.0
227,Dr_D,user_authorship_direction_setting,2.0,2.0,2.0,False,0.0
227,Dr_D,user_cognitive_flexibility,1.0,1.0,1.0,False,0.0
227,Dr_D,user_constraint_integration,1.0,1.0,1.0,False,0.0
227,Dr_D,user_epistemic_stance_regulation,1.0,1.0,1.0,False,0.0
227,Dr_D,user_ideational_fluency,1.0,1.0,1.0,False,0.0
227,Dr_D,user_implementation_relevant_progress,1.0,1.0,1.0,False,0.0
227,Dr_D,user_problem_frame_development,1.0,1.0,1.0,False,0.0
227,Dr_D,user_reflective_engagement,1.0,1.0,1.0,False,0.0
227,Dr_I,user_authorship_direction_setting,2.0,2.0,2.0,False,0.0
227,Dr_I,user_cognitive_flexibility,1.0,1.0,1.0,False,0.0
227,Dr_I,user_constraint_integration,2.0,1.0,1.5,False,1.0
227,Dr_I,user_epistemic_stance_regulation,1.0,1.0,1.0,False,0.0
227,Dr_I,user_ideational_fluency,1.0,1.0,1.0,False,0.0
227,Dr_I,user_implementation_relevant_progress,1.0,1.0,1.0,False,0.0
227,Dr_I,user_problem_frame_development,1.0,1.0,1.0,False,0.0
227,Dr_I,user_reflective_engagement,1.0,1.0,1.0,False,0.0
227,Dr_L,user_authorship_direction_setting,2.0,6.0,4.0,True,4.0
227,Dr_L,user_cognitive_flexibility,1.0,1.0,1.0,False,0.0
227,Dr_L,user_constraint_integration,1.0,1.0,1.0,False,0.0
227,Dr_L,user_epistemic_stance_regulation,1.0,1.0,1.0,False,0.0
227,Dr_L,user_ideational_fluency,1.0,2.0,1.5,False,1.0
227,Dr_L,user_implementation_relevant_progress,1.0,1.0,1.0,False,0.0
227,Dr_L,user_problem_frame_development,1.0,1.0,1.0,False,0.0
227,Dr_L,user_reflective_engagement,1.0,1.0,1.0,False,0.0
232,Dr_C,user_authorship_direction_setting,5.0,3.0,4.0,True,2.0
232,Dr_C,user_cognitive_flexibility,2.0,2.0,2.0,False,0.0
232,Dr_C,user_constraint_integration,5.0,5.0,5.0,False,0.0
232,Dr_C,user_epistemic_stance_regulation,2.0,1.0,1.5,False,1.0
232,Dr_C,user_ideational_fluency,2.0,2.0,2.0,False,0.0
232,Dr_C,user_implementation_relevant_progress,2.0,2.0,2.0,False,0.0
232,Dr_C,user_problem_frame_development,3.0,3.0,3.0,False,0.0
232,Dr_C,user_reflective_engagement,1.0,2.0,1.5,False,1.0
232,Dr_D,user_authorship_direction_setting,3.0,2.0,2.5,False,1.0
232,Dr_D,user_cognitive_flexibility,2.0,2.0,2.0,False,0.0
232,Dr_D,user_constraint_integration,5.0,5.0,5.0,False,0.0
232,Dr_D,user_epistemic_stance_regulation,2.0,1.0,1.5,False,1.0
232,Dr_D,user_ideational_fluency,1.0,1.0,1.0,False,0.0
232,Dr_D,user_implementation_relevant_progress,2.0,2.0,2.0,False,0.0
232,Dr_D,user_problem_frame_development,4.0,3.0,3.5,False,1.0
232,Dr_D,user_reflective_engagement,2.0,2.0,2.0,False,0.0
232,Dr_I,user_authorship_direction_setting,2.0,3.0,2.5,False,1.0
232,Dr_I,user_cognitive_flexibility,2.0,2.0,2.0,False,0.0
232,Dr_I,user_constraint_integration,5.0,5.0,5.0,False,0.0
232,Dr_I,user_epistemic_stance_regulation,1.0,1.0,1.0,False,0.0
232,Dr_I,user_ideational_fluency,1.0,1.0,1.0,False,0.0
232,Dr_I,user_implementation_relevant_progress,2.0,2.0,2.0,False,0.0
232,Dr_I,user_problem_frame_development,3.0,4.0,3.5,False,1.0
232,Dr_I,user_reflective_engagement,2.0,2.0,2.0,False,0.0
232,Dr_L,user_authorship_direction_setting,3.0,5.0,4.0,True,2.0
232,Dr_L,user_cognitive_flexibility,2.0,2.0,2.0,False,0.0
232,Dr_L,user_constraint_integration,5.0,5.0,5.0,False,0.0
232,Dr_L,user_epistemic_stance_regulation,1.0,2.0,1.5,False,1.0
232,Dr_L,user_ideational_fluency,2.0,2.0,2.0,False,0.0
232,Dr_L,user_implementation_relevant_progress,2.0,2.0,2.0,False,0.0
232,Dr_L,user_problem_frame_development,3.0,3.0,3.0,False,0.0
232,Dr_L,user_reflective_engagement,1.0,2.0,1.5,False,1.0
233,Dr_C,user_authorship_direction_setting,6.0,6.0,6.0,False,0.0
233,Dr_C,user_cognitive_flexibility,3.0,4.0,3.5,False,1.0
233,Dr_C,user_constraint_integration,3.0,3.0,3.0,False,0.0
233,Dr_C,user_epistemic_stance_regulation,2.0,2.0,2.0,False,0.0
233,Dr_C,user_ideational_fluency,5.0,5.0,5.0,False,0.0
233,Dr_C,user_implementation_relevant_progress,3.0,2.0,2.5,False,1.0
233,Dr_C,user_problem_frame_development,2.0,2.0,2.0,False,0.0
233,Dr_C,user_reflective_engagement,1.0,1.0,1.0,False,0.0
233,Dr_D,user_authorship_direction_setting,6.0,,6.0,False,
233,Dr_D,user_cognitive_flexibility,3.0,3.0,3.0,False,0.0
233,Dr_D,user_constraint_integration,3.0,,3.0,False,
233,Dr_D,user_epistemic_stance_regulation,1.0,1.0,1.0,False,0.0
233,Dr_D,user_ideational_fluency,5.0,5.0,5.0,False,0.0
233,Dr_D,user_implementation_relevant_progress,3.0,,3.0,False,
233,Dr_D,user_problem_frame_development,2.0,2.0,2.0,False,0.0
233,Dr_D,user_reflective_engagement,1.0,1.0,1.0,False,0.0
233,Dr_I,user_authorship_direction_setting,6.0,6.0,6.0,False,0.0
233,Dr_I,user_cognitive_flexibility,4.0,4.0,4.0,False,0.0
233,Dr_I,user_constraint_integration,2.0,2.0,2.0,False,0.0
233,Dr_I,user_epistemic_stance_regulation,1.0,1.0,1.0,False,0.0
233,Dr_I,user_ideational_fluency,5.0,5.0,5.0,False,0.0
233,Dr_I,user_implementation_relevant_progress,3.0,2.0,2.5,False,1.0
233,Dr_I,user_problem_frame_development,3.0,2.0,2.5,False,1.0
233,Dr_I,user_reflective_engagement,1.0,1.0,1.0,False,0.0
233,Dr_L,user_authorship_direction_setting,6.0,6.0,6.0,False,0.0
233,Dr_L,user_cognitive_flexibility,5.0,3.0,4.0,True,2.0
233,Dr_L,user_constraint_integration,2.0,2.0,2.0,False,0.0
233,Dr_L,user_epistemic_stance_regulation,2.0,2.0,2.0,False,0.0
233,Dr_L,user_ideational_fluency,5.0,5.0,5.0,False,0.0
233,Dr_L,user_implementation_relevant_progress,2.0,3.0,2.5,False,1.0
233,Dr_L,user_problem_frame_development,2.0,2.0,2.0,False,0.0
233,Dr_L,user_reflective_engagement,1.0,1.0,1.0,False,0.0
234,Dr_C,user_authorship_direction_setting,6.0,6.0,6.0,False,0.0
234,Dr_C,user_cognitive_flexibility,2.0,2.0,2.0,False,0.0
234,Dr_C,user_constraint_integration,5.0,5.0,5.0,False,0.0
234,Dr_C,user_epistemic_stance_regulation,3.0,3.0,3.0,False,0.0
234,Dr_C,user_ideational_fluency,4.0,4.0,4.0,False,0.0
234,Dr_C,user_implementation_relevant_progress,4.0,4.0,4.0,False,0.0
234,Dr_C,user_problem_frame_development,2.0,2.0,2.0,False,0.0
234,Dr_C,user_reflective_engagement,1.0,1.0,1.0,False,0.0
234,Dr_D,user_authorship_direction_setting,6.0,6.0,6.0,False,0.0
234,Dr_D,user_cognitive_flexibility,2.0,2.0,2.0,False,0.0
234,Dr_D,user_constraint_integration,5.0,3.0,4.0,True,2.0
234,Dr_D,user_epistemic_stance_regulation,2.0,2.0,2.0,False,0.0
234,Dr_D,user_ideational_fluency,4.0,4.0,4.0,False,0.0
234,Dr_D,user_implementation_relevant_progress,4.0,5.0,4.5,False,1.0
234,Dr_D,user_problem_frame_development,2.0,2.0,2.0,False,0.0
234,Dr_D,user_reflective_engagement,1.0,1.0,1.0,False,0.0
234,Dr_I,user_authorship_direction_setting,6.0,6.0,6.0,False,0.0
234,Dr_I,user_cognitive_flexibility,2.0,2.0,2.0,False,0.0
234,Dr_I,user_constraint_integration,5.0,3.0,4.0,True,2.0
234,Dr_I,user_epistemic_stance_regulation,2.0,2.0,2.0,False,0.0
234,Dr_I,user_ideational_fluency,4.0,4.0,4.0,False,0.0
234,Dr_I,user_implementation_relevant_progress,4.0,4.0,4.0,False,0.0
234,Dr_I,user_problem_frame_development,2.0,2.0,2.0,False,0.0
234,Dr_I,user_reflective_engagement,1.0,1.0,1.0,False,0.0
234,Dr_L,user_authorship_direction_setting,6.0,6.0,6.0,False,0.0
234,Dr_L,user_cognitive_flexibility,2.0,2.0,2.0,False,0.0
234,Dr_L,user_constraint_integration,3.0,3.0,3.0,False,0.0
234,Dr_L,user_epistemic_stance_regulation,2.0,4.0,3.0,True,2.0
234,Dr_L,user_ideational_fluency,4.0,4.0,4.0,False,0.0
234,Dr_L,user_implementation_relevant_progress,4.0,4.0,4.0,False,0.0
234,Dr_L,user_problem_frame_development,2.0,2.0,2.0,False,0.0
234,Dr_L,user_reflective_engagement,1.0,1.0,1.0,False,0.0
313,Dr_C,user_authorship_direction_setting,3.0,2.0,2.5,False,1.0
313,Dr_C,user_cognitive_flexibility,2.0,2.0,2.0,False,0.0
313,Dr_C,user_constraint_integration,2.0,2.0,2.0,False,0.0
313,Dr_C,user_epistemic_stance_regulation,2.0,2.0,2.0,False,0.0
313,Dr_C,user_ideational_fluency,2.0,2.0,2.0,False,0.0
313,Dr_C,user_implementation_relevant_progress,2.0,2.0,2.0,False,0.0
313,Dr_C,user_problem_frame_development,2.0,1.0,1.5,False,1.0
313,Dr_C,user_reflective_engagement,1.0,1.0,1.0,False,0.0
313,Dr_D,user_authorship_direction_setting,2.0,2.0,2.0,False,0.0
313,Dr_D,user_cognitive_flexibility,1.0,1.0,1.0,False,0.0
313,Dr_D,user_constraint_integration,2.0,2.0,2.0,False,0.0
313,Dr_D,user_epistemic_stance_regulation,1.0,2.0,1.5,False,1.0
313,Dr_D,user_ideational_fluency,2.0,2.0,2.0,False,0.0
313,Dr_D,user_implementation_relevant_progress,2.0,3.0,2.5,False,1.0
313,Dr_D,user_problem_frame_development,1.0,2.0,1.5,False,1.0
313,Dr_D,user_reflective_engagement,1.0,1.0,1.0,False,0.0
313,Dr_I,user_authorship_direction_setting,2.0,2.0,2.0,False,0.0
313,Dr_I,user_cognitive_flexibility,2.0,1.0,1.5,False,1.0
313,Dr_I,user_constraint_integration,2.0,2.0,2.0,False,0.0
313,Dr_I,user_epistemic_stance_regulation,2.0,2.0,2.0,False,0.0
313,Dr_I,user_ideational_fluency,2.0,2.0,2.0,False,0.0
313,Dr_I,user_implementation_relevant_progress,2.0,2.0,2.0,False,0.0
313,Dr_I,user_problem_frame_development,1.0,1.0,1.0,False,0.0
313,Dr_I,user_reflective_engagement,1.0,1.0,1.0,False,0.0
313,Dr_L,user_authorship_direction_setting,2.0,3.0,2.5,False,1.0
313,Dr_L,user_cognitive_flexibility,2.0,2.0,2.0,False,0.0
313,Dr_L,user_constraint_integration,2.0,2.0,2.0,False,0.0
313,Dr_L,user_epistemic_stance_regulation,2.0,2.0,2.0,False,0.0
313,Dr_L,user_ideational_fluency,2.0,2.0,2.0,False,0.0
313,Dr_L,user_implementation_relevant_progress,2.0,3.0,2.5,False,1.0
313,Dr_L,user_problem_frame_development,2.0,2.0,2.0,False,0.0
313,Dr_L,user_reflective_engagement,1.0,1.0,1.0,False,0.0
314,Dr_C,user_authorship_direction_setting,6.0,6.0,6.0,False,0.0
314,Dr_C,user_cognitive_flexibility,3.0,3.0,3.0,False,0.0
314,Dr_C,user_constraint_integration,6.0,6.0,6.0,False,0.0
314,Dr_C,user_epistemic_stance_regulation,3.0,2.0,2.5,False,1.0
314,Dr_C,user_ideational_fluency,4.0,4.0,4.0,False,0.0
314,Dr_C,user_implementation_relevant_progress,5.0,5.0,5.0,False,0.0
314,Dr_C,user_problem_frame_development,4.0,4.0,4.0,False,0.0
314,Dr_C,user_reflective_engagement,1.0,2.0,1.5,False,1.0
314,Dr_D,user_authorship_direction_setting,6.0,6.0,6.0,False,0.0
314,Dr_D,user_cognitive_flexibility,3.0,2.0,2.5,False,1.0
314,Dr_D,user_constraint_integration,6.0,5.0,5.5,False,1.0
314,Dr_D,user_epistemic_stance_regulation,2.0,2.0,2.0,False,0.0
314,Dr_D,user_ideational_fluency,4.0,4.0,4.0,False,0.0
314,Dr_D,user_implementation_relevant_progress,5.0,5.0,5.0,False,0.0
314,Dr_D,user_problem_frame_development,4.0,3.0,3.5,False,1.0
314,Dr_D,user_reflective_engagement,2.0,2.0,2.0,False,0.0
314,Dr_I,user_authorship_direction_setting,6.0,5.0,5.5,False,1.0
314,Dr_I,user_cognitive_flexibility,4.0,2.0,3.0,True,2.0
314,Dr_I,user_constraint_integration,5.0,5.0,5.0,False,0.0
314,Dr_I,user_epistemic_stance_regulation,2.0,2.0,2.0,False,0.0
314,Dr_I,user_ideational_fluency,4.0,4.0,4.0,False,0.0
314,Dr_I,user_implementation_relevant_progress,5.0,5.0,5.0,False,0.0
314,Dr_I,user_problem_frame_development,4.0,4.0,4.0,False,0.0
314,Dr_I,user_reflective_engagement,1.0,2.0,1.5,False,1.0
314,Dr_L,user_authorship_direction_setting,5.0,6.0,5.5,False,1.0
314,Dr_L,user_cognitive_flexibility,3.0,3.0,3.0,False,0.0
314,Dr_L,user_constraint_integration,5.0,5.0,5.0,False,0.0
314,Dr_L,user_epistemic_stance_regulation,3.0,4.0,3.5,False,1.0
314,Dr_L,user_ideational_fluency,4.0,4.0,4.0,False,0.0
314,Dr_L,user_implementation_relevant_progress,4.0,5.0,4.5,False,1.0
314,Dr_L,user_problem_frame_development,3.0,4.0,3.5,False,1.0
314,Dr_L,user_reflective_engagement,1.0,2.0,1.5,False,1.0
320,Dr_C,user_authorship_direction_setting,6.0,6.0,6.0,False,0.0
320,Dr_C,user_cognitive_flexibility,2.0,2.0,2.0,False,0.0
320,Dr_C,user_constraint_integration,4.0,4.0,4.0,False,0.0
320,Dr_C,user_epistemic_stance_regulation,4.0,4.0,4.0,False,0.0
320,Dr_C,user_ideational_fluency,2.0,2.0,2.0,False,0.0
320,Dr_C,user_implementation_relevant_progress,3.0,2.0,2.5,False,1.0
320,Dr_C,user_problem_frame_development,2.0,2.0,2.0,False,0.0
320,Dr_C,user_reflective_engagement,1.0,1.0,1.0,False,0.0
320,Dr_D,user_authorship_direction_setting,6.0,6.0,6.0,False,0.0
320,Dr_D,user_cognitive_flexibility,1.0,1.0,1.0,False,0.0
320,Dr_D,user_constraint_integration,3.0,4.0,3.5,False,1.0
320,Dr_D,user_epistemic_stance_regulation,2.0,2.0,2.0,False,0.0
320,Dr_D,user_ideational_fluency,2.0,2.0,2.0,False,0.0
320,Dr_D,user_implementation_relevant_progress,2.0,3.0,2.5,False,1.0
320,Dr_D,user_problem_frame_development,1.0,1.0,1.0,False,0.0
320,Dr_D,user_reflective_engagement,1.0,1.0,1.0,False,0.0
320,Dr_I,user_authorship_direction_setting,6.0,6.0,6.0,False,0.0
320,Dr_I,user_cognitive_flexibility,2.0,1.0,1.5,False,1.0
320,Dr_I,user_constraint_integration,3.0,4.0,3.5,False,1.0
320,Dr_I,user_epistemic_stance_regulation,4.0,4.0,4.0,False,0.0
320,Dr_I,user_ideational_fluency,2.0,1.0,1.5,False,1.0
320,Dr_I,user_implementation_relevant_progress,2.0,2.0,2.0,False,0.0
320,Dr_I,user_problem_frame_development,2.0,1.0,1.5,False,1.0
320,Dr_I,user_reflective_engagement,1.0,1.0,1.0,False,0.0
320,Dr_L,user_authorship_direction_setting,6.0,6.0,6.0,False,0.0
320,Dr_L,user_cognitive_flexibility,2.0,2.0,2.0,False,0.0
320,Dr_L,user_constraint_integration,4.0,3.0,3.5,False,1.0
320,Dr_L,user_epistemic_stance_regulation,4.0,4.0,4.0,False,0.0
320,Dr_L,user_ideational_fluency,3.0,3.0,3.0,False,0.0
320,Dr_L,user_implementation_relevant_progress,3.0,3.0,3.0,False,0.0
320,Dr_L,user_problem_frame_development,1.0,2.0,1.5,False,1.0
320,Dr_L,user_reflective_engagement,1.0,1.0,1.0,False,0.0
325,Dr_C,user_authorship_direction_setting,3.0,5.0,4.0,True,2.0
325,Dr_C,user_cognitive_flexibility,2.0,2.0,2.0,False,0.0
325,Dr_C,user_constraint_integration,2.0,3.0,2.5,False,1.0
325,Dr_C,user_epistemic_stance_regulation,2.0,2.0,2.0,False,0.0
325,Dr_C,user_ideational_fluency,3.0,3.0,3.0,False,0.0
325,Dr_C,user_implementation_relevant_progress,2.0,2.0,2.0,False,0.0
325,Dr_C,user_problem_frame_development,1.0,1.0,1.0,False,0.0
325,Dr_C,user_reflective_engagement,1.0,1.0,1.0,False,0.0
325,Dr_D,user_authorship_direction_setting,3.0,3.0,3.0,False,0.0
325,Dr_D,user_cognitive_flexibility,2.0,2.0,2.0,False,0.0
325,Dr_D,user_constraint_integration,2.0,2.0,2.0,False,0.0
325,Dr_D,user_epistemic_stance_regulation,1.0,2.0,1.5,False,1.0
325,Dr_D,user_ideational_fluency,3.0,3.0,3.0,False,0.0
325,Dr_D,user_implementation_relevant_progress,2.0,2.0,2.0,False,0.0
325,Dr_D,user_problem_frame_development,1.0,1.0,1.0,False,0.0
325,Dr_D,user_reflective_engagement,1.0,1.0,1.0,False,0.0
325,Dr_I,user_authorship_direction_setting,3.0,3.0,3.0,False,0.0
325,Dr_I,user_cognitive_flexibility,2.0,2.0,2.0,False,0.0
325,Dr_I,user_constraint_integration,2.0,2.0,2.0,False,0.0
325,Dr_I,user_epistemic_stance_regulation,1.0,1.0,1.0,False,0.0
325,Dr_I,user_ideational_fluency,3.0,3.0,3.0,False,0.0
325,Dr_I,user_implementation_relevant_progress,2.0,2.0,2.0,False,0.0
325,Dr_I,user_problem_frame_development,1.0,1.0,1.0,False,0.0
325,Dr_I,user_reflective_engagement,1.0,1.0,1.0,False,0.0
325,Dr_L,user_authorship_direction_setting,5.0,5.0,5.0,False,0.0
325,Dr_L,user_cognitive_flexibility,2.0,2.0,2.0,False,0.0
325,Dr_L,user_constraint_integration,2.0,2.0,2.0,False,0.0
325,Dr_L,user_epistemic_stance_regulation,2.0,2.0,2.0,False,0.0
325,Dr_L,user_ideational_fluency,3.0,4.0,3.5,False,1.0
325,Dr_L,user_implementation_relevant_progress,2.0,2.0,2.0,False,0.0
325,Dr_L,user_problem_frame_development,1.0,1.0,1.0,False,0.0
325,Dr_L,user_reflective_engagement,1.0,1.0,1.0,False,0.0
336,Dr_C,user_authorship_direction_setting,6.0,6.0,6.0,False,0.0
336,Dr_C,user_cognitive_flexibility,2.0,3.0,2.5,False,1.0
336,Dr_C,user_constraint_integration,5.0,5.0,5.0,False,0.0
336,Dr_C,user_epistemic_stance_regulation,2.0,2.0,2.0,False,0.0
336,Dr_C,user_ideational_fluency,4.0,4.0,4.0,False,0.0
336,Dr_C,user_implementation_relevant_progress,3.0,3.0,3.0,False,0.0
336,Dr_C,user_problem_frame_development,3.0,2.0,2.5,False,1.0
336,Dr_C,user_reflective_engagement,1.0,1.0,1.0,False,0.0
336,Dr_D,user_authorship_direction_setting,6.0,6.0,6.0,False,0.0
336,Dr_D,user_cognitive_flexibility,3.0,3.0,3.0,False,0.0
336,Dr_D,user_constraint_integration,3.0,3.0,3.0,False,0.0
336,Dr_D,user_epistemic_stance_regulation,2.0,2.0,2.0,False,0.0
336,Dr_D,user_ideational_fluency,5.0,5.0,5.0,False,0.0
336,Dr_D,user_implementation_relevant_progress,4.0,4.0,4.0,False,0.0
336,Dr_D,user_problem_frame_development,3.0,2.0,2.5,False,1.0
336,Dr_D,user_reflective_engagement,1.0,1.0,1.0,False,0.0
336,Dr_I,user_authorship_direction_setting,6.0,6.0,6.0,False,0.0
336,Dr_I,user_cognitive_flexibility,3.0,3.0,3.0,False,0.0
336,Dr_I,user_constraint_integration,5.0,3.0,4.0,True,2.0
336,Dr_I,user_epistemic_stance_regulation,2.0,1.0,1.5,False,1.0
336,Dr_I,user_ideational_fluency,5.0,5.0,5.0,False,0.0
336,Dr_I,user_implementation_relevant_progress,3.0,3.0,3.0,False,0.0
336,Dr_I,user_problem_frame_development,2.0,2.0,2.0,False,0.0
336,Dr_I,user_reflective_engagement,1.0,1.0,1.0,False,0.0
336,Dr_L,user_authorship_direction_setting,6.0,6.0,6.0,False,0.0
336,Dr_L,user_cognitive_flexibility,2.0,3.0,2.5,False,1.0
336,Dr_L,user_constraint_integration,3.0,3.0,3.0,False,0.0
336,Dr_L,user_epistemic_stance_regulation,2.0,3.0,2.5,False,1.0
336,Dr_L,user_ideational_fluency,5.0,6.0,5.5,False,1.0
336,Dr_L,user_implementation_relevant_progress,3.0,4.0,3.5,False,1.0
336,Dr_L,user_problem_frame_development,2.0,2.0,2.0,False,0.0
336,Dr_L,user_reflective_engagement,1.0,2.0,1.5,False,1.0
339,Dr_C,user_authorship_direction_setting,6.0,3.0,4.5,True,3.0
339,Dr_C,user_cognitive_flexibility,2.0,1.0,1.5,False,1.0
339,Dr_C,user_constraint_integration,2.0,1.0,1.5,False,1.0
339,Dr_C,user_epistemic_stance_regulation,1.0,1.0,1.0,False,0.0
339,Dr_C,user_ideational_fluency,1.0,1.0,1.0,False,0.0
339,Dr_C,user_implementation_relevant_progress,1.0,1.0,1.0,False,0.0
339,Dr_C,user_problem_frame_development,1.0,1.0,1.0,False,0.0
339,Dr_C,user_reflective_engagement,1.0,1.0,1.0,False,0.0
339,Dr_D,user_authorship_direction_setting,6.0,2.0,4.0,True,4.0
339,Dr_D,user_cognitive_flexibility,1.0,1.0,1.0,False,0.0
339,Dr_D,user_constraint_integration,1.0,1.0,1.0,False,0.0
339,Dr_D,user_epistemic_stance_regulation,1.0,1.0,1.0,False,0.0
339,Dr_D,user_ideational_fluency,1.0,1.0,1.0,False,0.0
339,Dr_D,user_implementation_relevant_progress,1.0,1.0,1.0,False,0.0
339,Dr_D,user_problem_frame_development,1.0,1.0,1.0,False,0.0
339,Dr_D,user_reflective_engagement,1.0,1.0,1.0,False,0.0
339,Dr_I,user_authorship_direction_setting,2.0,2.0,2.0,False,0.0
339,Dr_I,user_cognitive_flexibility,1.0,1.0,1.0,False,0.0
339,Dr_I,user_constraint_integration,1.0,1.0,1.0,False,0.0
339,Dr_I,user_epistemic_stance_regulation,1.0,1.0,1.0,False,0.0
339,Dr_I,user_ideational_fluency,1.0,1.0,1.0,False,0.0
339,Dr_I,user_implementation_relevant_progress,1.0,1.0,1.0,False,0.0
339,Dr_I,user_problem_frame_development,1.0,1.0,1.0,False,0.0
339,Dr_I,user_reflective_engagement,1.0,1.0,1.0,False,0.0
339,Dr_L,user_authorship_direction_setting,6.0,6.0,6.0,False,0.0
339,Dr_L,user_cognitive_flexibility,1.0,2.0,1.5,False,1.0
339,Dr_L,user_constraint_integration,1.0,1.0,1.0,False,0.0
339,Dr_L,user_epistemic_stance_regulation,1.0,2.0,1.5,False,1.0
339,Dr_L,user_ideational_fluency,2.0,2.0,2.0,False,0.0
339,Dr_L,user_implementation_relevant_progress,1.0,1.0,1.0,False,0.0
339,Dr_L,user_problem_frame_development,1.0,1.0,1.0,False,0.0
339,Dr_L,user_reflective_engagement,1.0,1.0,1.0,False,0.0
343,Dr_C,user_authorship_direction_setting,6.0,6.0,6.0,False,0.0
343,Dr_C,user_cognitive_flexibility,5.0,4.0,4.5,False,1.0
343,Dr_C,user_constraint_integration,3.0,3.0,3.0,False,0.0
343,Dr_C,user_epistemic_stance_regulation,3.0,2.0,2.5,False,1.0
343,Dr_C,user_ideational_fluency,5.0,4.0,4.5,False,1.0
343,Dr_C,user_implementation_relevant_progress,3.0,3.0,3.0,False,0.0
343,Dr_C,user_problem_frame_development,3.0,2.0,2.5,False,1.0
343,Dr_C,user_reflective_engagement,1.0,2.0,1.5,False,1.0
343,Dr_D,user_authorship_direction_setting,6.0,,6.0,False,
343,Dr_D,user_cognitive_flexibility,4.0,5.0,4.5,False,1.0
343,Dr_D,user_constraint_integration,3.0,3.0,3.0,False,0.0
343,Dr_D,user_epistemic_stance_regulation,2.0,,2.0,False,
343,Dr_D,user_ideational_fluency,5.0,5.0,5.0,False,0.0
343,Dr_D,user_implementation_relevant_progress,3.0,,3.0,False,
343,Dr_D,user_problem_frame_development,3.0,3.0,3.0,False,0.0
343,Dr_D,user_reflective_engagement,2.0,2.0,2.0,False,0.0
343,Dr_I,user_authorship_direction_setting,6.0,6.0,6.0,False,0.0
343,Dr_I,user_cognitive_flexibility,4.0,4.0,4.0,False,0.0
343,Dr_I,user_constraint_integration,3.0,3.0,3.0,False,0.0
343,Dr_I,user_epistemic_stance_regulation,2.0,2.0,2.0,False,0.0
343,Dr_I,user_ideational_fluency,5.0,5.0,5.0,False,0.0
343,Dr_I,user_implementation_relevant_progress,3.0,3.0,3.0,False,0.0
343,Dr_I,user_problem_frame_development,2.0,2.0,2.0,False,0.0
343,Dr_I,user_reflective_engagement,1.0,2.0,1.5,False,1.0
343,Dr_L,user_authorship_direction_setting,,6.0,6.0,False,
343,Dr_L,user_constraint_integration,,3.0,3.0,False,
343,Dr_L,user_epistemic_stance_regulation,,2.0,2.0,False,
343,Dr_L,user_implementation_relevant_progress,,3.0,3.0,False,
343,Dr_L,user_problem_frame_development,,2.0,2.0,False,
343,Dr_L,user_reflective_engagement,,2.0,2.0,False,
351,Dr_C,user_authorship_direction_setting,5.0,5.0,5.0,False,0.0
351,Dr_C,user_cognitive_flexibility,3.0,3.0,3.0,False,0.0
351,Dr_C,user_constraint_integration,5.0,5.0,5.0,False,0.0
351,Dr_C,user_epistemic_stance_regulation,4.0,5.0,4.5,False,1.0
351,Dr_C,user_ideational_fluency,4.0,4.0,4.0,False,0.0
351,Dr_C,user_implementation_relevant_progress,3.0,3.0,3.0,False,0.0
351,Dr_C,user_problem_frame_development,3.0,3.0,3.0,False,0.0
351,Dr_C,user_reflective_engagement,3.0,3.0,3.0,False,0.0
351,Dr_D,user_authorship_direction_setting,5.0,3.0,4.0,True,2.0
351,Dr_D,user_cognitive_flexibility,3.0,2.0,2.5,False,1.0
351,Dr_D,user_constraint_integration,5.0,5.0,5.0,False,0.0
351,Dr_D,user_epistemic_stance_regulation,4.0,4.0,4.0,False,0.0
351,Dr_D,user_ideational_fluency,4.0,4.0,4.0,False,0.0
351,Dr_D,user_implementation_relevant_progress,3.0,3.0,3.0,False,0.0
351,Dr_D,user_problem_frame_development,3.0,3.0,3.0,False,0.0
351,Dr_D,user_reflective_engagement,3.0,3.0,3.0,False,0.0
351,Dr_I,user_authorship_direction_setting,5.0,3.0,4.0,True,2.0
351,Dr_I,user_cognitive_flexibility,3.0,3.0,3.0,False,0.0
351,Dr_I,user_constraint_integration,5.0,5.0,5.0,False,0.0
351,Dr_I,user_epistemic_stance_regulation,4.0,4.0,4.0,False,0.0
351,Dr_I,user_ideational_fluency,4.0,4.0,4.0,False,0.0
351,Dr_I,user_implementation_relevant_progress,3.0,3.0,3.0,False,0.0
351,Dr_I,user_problem_frame_development,4.0,3.0,3.5,False,1.0
351,Dr_I,user_reflective_engagement,3.0,3.0,3.0,False,0.0
351,Dr_L,user_authorship_direction_setting,5.0,5.0,5.0,False,0.0
351,Dr_L,user_cognitive_flexibility,3.0,3.0,3.0,False,0.0
351,Dr_L,user_constraint_integration,5.0,5.0,5.0,False,0.0
351,Dr_L,user_epistemic_stance_regulation,3.0,4.0,3.5,False,1.0
351,Dr_L,user_ideational_fluency,4.0,5.0,4.5,False,1.0
351,Dr_L,user_implementation_relevant_progress,3.0,3.0,3.0,False,0.0
351,Dr_L,user_problem_frame_development,3.0,3.0,3.0,False,0.0
351,Dr_L,user_reflective_engagement,2.0,3.0,2.5,False,1.0
382,Dr_C,user_authorship_direction_setting,3.0,2.0,2.5,False,1.0
382,Dr_C,user_cognitive_flexibility,2.0,2.0,2.0,False,0.0
382,Dr_C,user_constraint_integration,2.0,2.0,2.0,False,0.0
382,Dr_C,user_epistemic_stance_regulation,2.0,2.0,2.0,False,0.0
382,Dr_C,user_ideational_fluency,3.0,3.0,3.0,False,0.0
382,Dr_C,user_implementation_relevant_progress,2.0,2.0,2.0,False,0.0
382,Dr_C,user_problem_frame_development,1.0,1.0,1.0,False,0.0
382,Dr_C,user_reflective_engagement,1.0,1.0,1.0,False,0.0
382,Dr_D,user_authorship_direction_setting,2.0,2.0,2.0,False,0.0
382,Dr_D,user_cognitive_flexibility,2.0,2.0,2.0,False,0.0
382,Dr_D,user_constraint_integration,2.0,2.0,2.0,False,0.0
382,Dr_D,user_epistemic_stance_regulation,2.0,2.0,2.0,False,0.0
382,Dr_D,user_ideational_fluency,3.0,3.0,3.0,False,0.0
382,Dr_D,user_implementation_relevant_progress,2.0,2.0,2.0,False,0.0
382,Dr_D,user_problem_frame_development,1.0,1.0,1.0,False,0.0
382,Dr_D,user_reflective_engagement,1.0,1.0,1.0,False,0.0
382,Dr_I,user_authorship_direction_setting,2.0,2.0,2.0,False,0.0
382,Dr_I,user_cognitive_flexibility,2.0,1.0,1.5,False,1.0
382,Dr_I,user_constraint_integration,2.0,2.0,2.0,False,0.0
382,Dr_I,user_epistemic_stance_regulation,2.0,1.0,1.5,False,1.0
382,Dr_I,user_ideational_fluency,3.0,4.0,3.5,False,1.0
382,Dr_I,user_implementation_relevant_progress,2.0,2.0,2.0,False,0.0
382,Dr_I,user_problem_frame_development,1.0,1.0,1.0,False,0.0
382,Dr_I,user_reflective_engagement,1.0,1.0,1.0,False,0.0
382,Dr_L,user_authorship_direction_setting,2.0,2.0,2.0,False,0.0
382,Dr_L,user_cognitive_flexibility,2.0,2.0,2.0,False,0.0
382,Dr_L,user_constraint_integration,1.0,1.0,1.0,False,0.0
382,Dr_L,user_epistemic_stance_regulation,2.0,2.0,2.0,False,0.0
382,Dr_L,user_ideational_fluency,4.0,4.0,4.0,False,0.0
382,Dr_L,user_implementation_relevant_progress,2.0,2.0,2.0,False,0.0
382,Dr_L,user_problem_frame_development,1.0,1.0,1.0,False,0.0
382,Dr_L,user_reflective_engagement,1.0,1.0,1.0,False,0.0
386,Dr_C,user_authorship_direction_setting,3.0,2.0,2.5,False,1.0
386,Dr_C,user_cognitive_flexibility,2.0,2.0,2.0,False,0.0
386,Dr_C,user_constraint_integration,5.0,5.0,5.0,False,0.0
386,Dr_C,user_epistemic_stance_regulation,2.0,2.0,2.0,False,0.0
386,Dr_C,user_ideational_fluency,2.0,2.0,2.0,False,0.0
386,Dr_C,user_implementation_relevant_progress,4.0,4.0,4.0,False,0.0
386,Dr_C,user_problem_frame_development,1.0,1.0,1.0,False,0.0
386,Dr_C,user_reflective_engagement,2.0,1.0,1.5,False,1.0
386,Dr_D,user_authorship_direction_setting,2.0,3.0,2.5,False,1.0
386,Dr_D,user_cognitive_flexibility,1.0,1.0,1.0,False,0.0
386,Dr_D,user_constraint_integration,5.0,5.0,5.0,False,0.0
386,Dr_D,user_epistemic_stance_regulation,2.0,2.0,2.0,False,0.0
386,Dr_D,user_ideational_fluency,3.0,2.0,2.5,False,1.0
386,Dr_D,user_implementation_relevant_progress,4.0,4.0,4.0,False,0.0
386,Dr_D,user_problem_frame_development,1.0,1.0,1.0,False,0.0
386,Dr_D,user_reflective_engagement,2.0,2.0,2.0,False,0.0
386,Dr_I,user_authorship_direction_setting,2.0,2.0,2.0,False,0.0
386,Dr_I,user_cognitive_flexibility,2.0,1.0,1.5,False,1.0
386,Dr_I,user_constraint_integration,5.0,5.0,5.0,False,0.0
386,Dr_I,user_epistemic_stance_regulation,2.0,2.0,2.0,False,0.0
386,Dr_I,user_ideational_fluency,3.0,2.0,2.5,False,1.0
386,Dr_I,user_implementation_relevant_progress,4.0,4.0,4.0,False,0.0
386,Dr_I,user_problem_frame_development,1.0,1.0,1.0,False,0.0
386,Dr_I,user_reflective_engagement,1.0,2.0,1.5,False,1.0
386,Dr_L,user_authorship_direction_setting,3.0,3.0,3.0,False,0.0
386,Dr_L,user_cognitive_flexibility,1.0,2.0,1.5,False,1.0
386,Dr_L,user_constraint_integration,5.0,5.0,5.0,False,0.0
386,Dr_L,user_epistemic_stance_regulation,1.0,2.0,1.5,False,1.0
386,Dr_L,user_ideational_fluency,3.0,3.0,3.0,False,0.0
386,Dr_L,user_implementation_relevant_progress,4.0,4.0,4.0,False,0.0
386,Dr_L,user_problem_frame_development,1.0,2.0,1.5,False,1.0
386,Dr_L,user_reflective_engagement,1.0,2.0,1.5,False,1.0
396,Dr_C,user_authorship_direction_setting,6.0,6.0,6.0,False,0.0
396,Dr_C,user_cognitive_flexibility,4.0,3.0,3.5,False,1.0
396,Dr_C,user_constraint_integration,2.0,2.0,2.0,False,0.0
396,Dr_C,user_epistemic_stance_regulation,4.0,4.0,4.0,False,0.0
396,Dr_C,user_ideational_fluency,5.0,5.0,5.0,False,0.0
396,Dr_C,user_implementation_relevant_progress,2.0,2.0,2.0,False,0.0
396,Dr_C,user_problem_frame_development,2.0,2.0,2.0,False,0.0
396,Dr_C,user_reflective_engagement,2.0,2.0,2.0,False,0.0
396,Dr_D,user_authorship_direction_setting,6.0,6.0,6.0,False,0.0
396,Dr_D,user_cognitive_flexibility,3.0,3.0,3.0,False,0.0
396,Dr_D,user_constraint_integration,2.0,2.0,2.0,False,0.0
396,Dr_D,user_epistemic_stance_regulation,4.0,4.0,4.0,False,0.0
396,Dr_D,user_ideational_fluency,5.0,5.0,5.0,False,0.0
396,Dr_D,user_implementation_relevant_progress,2.0,2.0,2.0,False,0.0
396,Dr_D,user_problem_frame_development,2.0,2.0,2.0,False,0.0
396,Dr_D,user_reflective_engagement,2.0,2.0,2.0,False,0.0
396,Dr_I,user_authorship_direction_setting,6.0,6.0,6.0,False,0.0
396,Dr_I,user_cognitive_flexibility,4.0,3.0,3.5,False,1.0
396,Dr_I,user_constraint_integration,2.0,1.0,1.5,False,1.0
396,Dr_I,user_epistemic_stance_regulation,4.0,4.0,4.0,False,0.0
396,Dr_I,user_ideational_fluency,6.0,6.0,6.0,False,0.0
396,Dr_I,user_implementation_relevant_progress,2.0,2.0,2.0,False,0.0
396,Dr_I,user_problem_frame_development,2.0,2.0,2.0,False,0.0
396,Dr_I,user_reflective_engagement,1.0,1.0,1.0,False,0.0
396,Dr_L,user_authorship_direction_setting,6.0,6.0,6.0,False,0.0
396,Dr_L,user_cognitive_flexibility,4.0,4.0,4.0,False,0.0
396,Dr_L,user_constraint_integration,1.0,1.0,1.0,False,0.0
396,Dr_L,user_epistemic_stance_regulation,4.0,4.0,4.0,False,0.0
396,Dr_L,user_ideational_fluency,5.0,6.0,5.5,False,1.0
396,Dr_L,user_implementation_relevant_progress,2.0,2.0,2.0,False,0.0
396,Dr_L,user_problem_frame_development,2.0,2.0,2.0,False,0.0
396,Dr_L,user_reflective_engagement,1.0,1.0,1.0,False,0.0
402,Dr_C,user_authorship_direction_setting,5.0,5.0,5.0,False,0.0
402,Dr_C,user_cognitive_flexibility,2.0,2.0,2.0,False,0.0
402,Dr_C,user_constraint_integration,5.0,5.0,5.0,False,0.0
402,Dr_C,user_epistemic_stance_regulation,3.0,2.0,2.5,False,1.0
402,Dr_C,user_ideational_fluency,3.0,3.0,3.0,False,0.0
402,Dr_C,user_implementation_relevant_progress,4.0,4.0,4.0,False,0.0
402,Dr_C,user_problem_frame_development,2.0,2.0,2.0,False,0.0
402,Dr_C,user_reflective_engagement,1.0,2.0,1.5,False,1.0
402,Dr_D,user_authorship_direction_setting,3.0,3.0,3.0,False,0.0
402,Dr_D,user_cognitive_flexibility,2.0,2.0,2.0,False,0.0
402,Dr_D,user_constraint_integration,5.0,4.0,4.5,False,1.0
402,Dr_D,user_epistemic_stance_regulation,2.0,2.0,2.0,False,0.0
402,Dr_D,user_ideational_fluency,3.0,3.0,3.0,False,0.0
402,Dr_D,user_implementation_relevant_progress,4.0,4.0,4.0,False,0.0
402,Dr_D,user_problem_frame_development,2.0,2.0,2.0,False,0.0
402,Dr_D,user_reflective_engagement,1.0,1.0,1.0,False,0.0
402,Dr_I,user_authorship_direction_setting,5.0,3.0,4.0,True,2.0
402,Dr_I,user_cognitive_flexibility,2.0,2.0,2.0,False,0.0
402,Dr_I,user_constraint_integration,4.0,4.0,4.0,False,0.0
402,Dr_I,user_epistemic_stance_regulation,2.0,3.0,2.5,False,1.0
402,Dr_I,user_ideational_fluency,3.0,2.0,2.5,False,1.0
402,Dr_I,user_implementation_relevant_progress,4.0,4.0,4.0,False,0.0
402,Dr_I,user_problem_frame_development,2.0,2.0,2.0,False,0.0
402,Dr_I,user_reflective_engagement,2.0,1.0,1.5,False,1.0
402,Dr_L,user_authorship_direction_setting,5.0,4.0,4.5,False,1.0
402,Dr_L,user_cognitive_flexibility,2.0,2.0,2.0,False,0.0
402,Dr_L,user_constraint_integration,3.0,4.0,3.5,False,1.0
402,Dr_L,user_epistemic_stance_regulation,2.0,3.0,2.5,False,1.0
402,Dr_L,user_ideational_fluency,3.0,4.0,3.5,False,1.0
402,Dr_L,user_implementation_relevant_progress,3.0,3.0,3.0,False,0.0
402,Dr_L,user_problem_frame_development,2.0,2.0,2.0,False,0.0
402,Dr_L,user_reflective_engagement,1.0,1.0,1.0,False,0.0
431,Dr_C,user_authorship_direction_setting,5.0,6.0,5.5,False,1.0
431,Dr_C,user_cognitive_flexibility,3.0,2.0,2.5,False,1.0
431,Dr_C,user_constraint_integration,4.0,4.0,4.0,False,0.0
431,Dr_C,user_epistemic_stance_regulation,5.0,4.0,4.5,False,1.0
431,Dr_C,user_ideational_fluency,3.0,2.0,2.5,False,1.0
431,Dr_C,user_implementation_relevant_progress,3.0,3.0,3.0,False,0.0
431,Dr_C,user_problem_frame_development,3.0,3.0,3.0,False,0.0
431,Dr_C,user_reflective_engagement,3.0,4.0,3.5,False,1.0
431,Dr_D,user_authorship_direction_setting,6.0,5.0,5.5,False,1.0
431,Dr_D,user_cognitive_flexibility,3.0,3.0,3.0,False,0.0
431,Dr_D,user_constraint_integration,3.0,3.0,3.0,False,0.0
431,Dr_D,user_epistemic_stance_regulation,4.0,3.0,3.5,False,1.0
431,Dr_D,user_ideational_fluency,2.0,2.0,2.0,False,0.0
431,Dr_D,user_implementation_relevant_progress,3.0,3.0,3.0,False,0.0
431,Dr_D,user_problem_frame_development,3.0,3.0,3.0,False,0.0
431,Dr_D,user_reflective_engagement,4.0,3.0,3.5,False,1.0
431,Dr_I,user_authorship_direction_setting,6.0,5.0,5.5,False,1.0
431,Dr_I,user_cognitive_flexibility,3.0,2.0,2.5,False,1.0
431,Dr_I,user_constraint_integration,3.0,3.0,3.0,False,0.0
431,Dr_I,user_epistemic_stance_regulation,3.0,3.0,3.0,False,0.0
431,Dr_I,user_ideational_fluency,3.0,2.0,2.5,False,1.0
431,Dr_I,user_implementation_relevant_progress,3.0,3.0,3.0,False,0.0
431,Dr_I,user_problem_frame_development,3.0,3.0,3.0,False,0.0
431,Dr_I,user_reflective_engagement,3.0,3.0,3.0,False,0.0
431,Dr_L,user_authorship_direction_setting,6.0,6.0,6.0,False,0.0
431,Dr_L,user_cognitive_flexibility,3.0,3.0,3.0,False,0.0
431,Dr_L,user_constraint_integration,3.0,3.0,3.0,False,0.0
431,Dr_L,user_epistemic_stance_regulation,5.0,5.0,5.0,False,0.0
431,Dr_L,user_ideational_fluency,3.0,3.0,3.0,False,0.0
431,Dr_L,user_implementation_relevant_progress,3.0,3.0,3.0,False,0.0
431,Dr_L,user_problem_frame_development,3.0,3.0,3.0,False,0.0
431,Dr_L,user_reflective_engagement,3.0,3.0,3.0,False,0.0
432,Dr_C,user_authorship_direction_setting,6.0,6.0,6.0,False,0.0
432,Dr_C,user_cognitive_flexibility,2.0,2.0,2.0,False,0.0
432,Dr_C,user_constraint_integration,6.0,6.0,6.0,False,0.0
432,Dr_C,user_epistemic_stance_regulation,4.0,3.0,3.5,False,1.0
432,Dr_C,user_ideational_fluency,3.0,2.0,2.5,False,1.0
432,Dr_C,user_implementation_relevant_progress,3.0,2.0,2.5,False,1.0
432,Dr_C,user_problem_frame_development,2.0,2.0,2.0,False,0.0
432,Dr_C,user_reflective_engagement,2.0,3.0,2.5,False,1.0
432,Dr_D,user_authorship_direction_setting,6.0,6.0,6.0,False,0.0
432,Dr_D,user_cognitive_flexibility,2.0,2.0,2.0,False,0.0
432,Dr_D,user_constraint_integration,6.0,6.0,6.0,False,0.0
432,Dr_D,user_epistemic_stance_regulation,4.0,4.0,4.0,False,0.0
432,Dr_D,user_ideational_fluency,2.0,2.0,2.0,False,0.0
432,Dr_D,user_implementation_relevant_progress,2.0,3.0,2.5,False,1.0
432,Dr_D,user_problem_frame_development,2.0,2.0,2.0,False,0.0
432,Dr_D,user_reflective_engagement,3.0,2.0,2.5,False,1.0
432,Dr_I,user_authorship_direction_setting,6.0,6.0,6.0,False,0.0
432,Dr_I,user_cognitive_flexibility,2.0,2.0,2.0,False,0.0
432,Dr_I,user_constraint_integration,6.0,6.0,6.0,False,0.0
432,Dr_I,user_epistemic_stance_regulation,4.0,4.0,4.0,False,0.0
432,Dr_I,user_ideational_fluency,2.0,1.0,1.5,False,1.0
432,Dr_I,user_implementation_relevant_progress,3.0,2.0,2.5,False,1.0
432,Dr_I,user_problem_frame_development,4.0,2.0,3.0,True,2.0
432,Dr_I,user_reflective_engagement,2.0,2.0,2.0,False,0.0
432,Dr_L,user_authorship_direction_setting,6.0,6.0,6.0,False,0.0
432,Dr_L,user_cognitive_flexibility,2.0,2.0,2.0,False,0.0
432,Dr_L,user_constraint_integration,6.0,6.0,6.0,False,0.0
432,Dr_L,user_epistemic_stance_regulation,3.0,5.0,4.0,True,2.0
432,Dr_L,user_ideational_fluency,3.0,3.0,3.0,False,0.0
432,Dr_L,user_implementation_relevant_progress,3.0,3.0,3.0,False,0.0
432,Dr_L,user_problem_frame_development,2.0,3.0,2.5,False,1.0
432,Dr_L,user_reflective_engagement,2.0,2.0,2.0,False,0.0
436,Dr_C,user_authorship_direction_setting,6.0,6.0,6.0,False,0.0
436,Dr_C,user_cognitive_flexibility,4.0,5.0,4.5,False,1.0
436,Dr_C,user_constraint_integration,6.0,6.0,6.0,False,0.0
436,Dr_C,user_epistemic_stance_regulation,2.0,1.0,1.5,False,1.0
436,Dr_C,user_ideational_fluency,4.0,4.0,4.0,False,0.0
436,Dr_C,user_implementation_relevant_progress,2.0,2.0,2.0,False,0.0
436,Dr_C,user_problem_frame_development,5.0,5.0,5.0,False,0.0
436,Dr_C,user_reflective_engagement,1.0,1.0,1.0,False,0.0
436,Dr_D,user_authorship_direction_setting,7.0,6.0,6.5,False,1.0
436,Dr_D,user_cognitive_flexibility,3.0,2.0,2.5,False,1.0
436,Dr_D,user_constraint_integration,6.0,6.0,6.0,False,0.0
436,Dr_D,user_epistemic_stance_regulation,1.0,1.0,1.0,False,0.0
436,Dr_D,user_ideational_fluency,4.0,4.0,4.0,False,0.0
436,Dr_D,user_implementation_relevant_progress,2.0,2.0,2.0,False,0.0
436,Dr_D,user_problem_frame_development,5.0,4.0,4.5,False,1.0
436,Dr_D,user_reflective_engagement,1.0,1.0,1.0,False,0.0
436,Dr_I,user_authorship_direction_setting,7.0,6.0,6.5,False,1.0
436,Dr_I,user_cognitive_flexibility,4.0,2.0,3.0,True,2.0
436,Dr_I,user_constraint_integration,6.0,6.0,6.0,False,0.0
436,Dr_I,user_epistemic_stance_regulation,1.0,1.0,1.0,False,0.0
436,Dr_I,user_ideational_fluency,4.0,4.0,4.0,False,0.0
436,Dr_I,user_implementation_relevant_progress,3.0,2.0,2.5,False,1.0
436,Dr_I,user_problem_frame_development,5.0,4.0,4.5,False,1.0
436,Dr_I,user_reflective_engagement,1.0,1.0,1.0,False,0.0
436,Dr_L,user_authorship_direction_setting,6.0,6.0,6.0,False,0.0
436,Dr_L,user_cognitive_flexibility,2.0,3.0,2.5,False,1.0
436,Dr_L,user_constraint_integration,6.0,6.0,6.0,False,0.0
436,Dr_L,user_epistemic_stance_regulation,1.0,2.0,1.5,False,1.0
436,Dr_L,user_ideational_fluency,4.0,5.0,4.5,False,1.0
436,Dr_L,user_implementation_relevant_progress,2.0,2.0,2.0,False,0.0
436,Dr_L,user_problem_frame_development,5.0,4.0,4.5,False,1.0
436,Dr_L,user_reflective_engagement,1.0,1.0,1.0,False,0.0
439,Dr_C,user_authorship_direction_setting,5.0,5.0,5.0,False,0.0
439,Dr_C,user_cognitive_flexibility,4.0,4.0,4.0,False,0.0
439,Dr_C,user_constraint_integration,6.0,5.0,5.5,False,1.0
439,Dr_C,user_epistemic_stance_regulation,3.0,4.0,3.5,False,1.0
439,Dr_C,user_ideational_fluency,5.0,4.0,4.5,False,1.0
439,Dr_C,user_implementation_relevant_progress,5.0,4.0,4.5,False,1.0
439,Dr_C,user_problem_frame_development,2.0,2.0,2.0,False,0.0
439,Dr_C,user_reflective_engagement,3.0,3.0,3.0,False,0.0
439,Dr_D,user_authorship_direction_setting,6.0,3.0,4.5,True,3.0
439,Dr_D,user_cognitive_flexibility,4.0,4.0,4.0,False,0.0
439,Dr_D,user_constraint_integration,6.0,5.0,5.5,False,1.0
439,Dr_D,user_epistemic_stance_regulation,3.0,4.0,3.5,False,1.0
439,Dr_D,user_ideational_fluency,4.0,4.0,4.0,False,0.0
439,Dr_D,user_implementation_relevant_progress,5.0,5.0,5.0,False,0.0
439,Dr_D,user_problem_frame_development,2.0,3.0,2.5,False,1.0
439,Dr_D,user_reflective_engagement,3.0,3.0,3.0,False,0.0
439,Dr_I,user_authorship_direction_setting,6.0,5.0,5.5,False,1.0
439,Dr_I,user_cognitive_flexibility,4.0,3.0,3.5,False,1.0
439,Dr_I,user_constraint_integration,5.0,5.0,5.0,False,0.0
439,Dr_I,user_epistemic_stance_regulation,4.0,3.0,3.5,False,1.0
439,Dr_I,user_ideational_fluency,5.0,5.0,5.0,False,0.0
439,Dr_I,user_implementation_relevant_progress,4.0,4.0,4.0,False,0.0
439,Dr_I,user_problem_frame_development,2.0,2.0,2.0,False,0.0
439,Dr_I,user_reflective_engagement,3.0,3.0,3.0,False,0.0
439,Dr_L,user_authorship_direction_setting,5.0,5.0,5.0,False,0.0
439,Dr_L,user_cognitive_flexibility,4.0,5.0,4.5,False,1.0
439,Dr_L,user_constraint_integration,5.0,5.0,5.0,False,0.0
439,Dr_L,user_epistemic_stance_regulation,3.0,3.0,3.0,False,0.0
439,Dr_L,user_ideational_fluency,5.0,5.0,5.0,False,0.0
439,Dr_L,user_implementation_relevant_progress,3.0,5.0,4.0,True,2.0
439,Dr_L,user_problem_frame_development,2.0,2.0,2.0,False,0.0
439,Dr_L,user_reflective_engagement,3.0,3.0,3.0,False,0.0
443,Dr_C,user_authorship_direction_setting,3.0,3.0,3.0,False,0.0
443,Dr_C,user_cognitive_flexibility,2.0,2.0,2.0,False,0.0
443,Dr_C,user_constraint_integration,4.0,4.0,4.0,False,0.0
443,Dr_C,user_epistemic_stance_regulation,2.0,2.0,2.0,False,0.0
443,Dr_C,user_ideational_fluency,3.0,3.0,3.0,False,0.0
443,Dr_C,user_implementation_relevant_progress,4.0,4.0,4.0,False,0.0
443,Dr_C,user_problem_frame_development,2.0,2.0,2.0,False,0.0
443,Dr_C,user_reflective_engagement,1.0,1.0,1.0,False,0.0
443,Dr_D,user_authorship_direction_setting,3.0,3.0,3.0,False,0.0
443,Dr_D,user_cognitive_flexibility,2.0,2.0,2.0,False,0.0
443,Dr_D,user_constraint_integration,5.0,3.0,4.0,True,2.0
443,Dr_D,user_epistemic_stance_regulation,2.0,2.0,2.0,False,0.0
443,Dr_D,user_ideational_fluency,3.0,3.0,3.0,False,0.0
443,Dr_D,user_implementation_relevant_progress,3.0,4.0,3.5,False,1.0
443,Dr_D,user_problem_frame_development,3.0,2.0,2.5,False,1.0
443,Dr_D,user_reflective_engagement,2.0,2.0,2.0,False,0.0
443,Dr_I,user_authorship_direction_setting,3.0,2.0,2.5,False,1.0
443,Dr_I,user_cognitive_flexibility,2.0,2.0,2.0,False,0.0
443,Dr_I,user_constraint_integration,3.0,3.0,3.0,False,0.0
443,Dr_I,user_epistemic_stance_regulation,2.0,2.0,2.0,False,0.0
443,Dr_I,user_ideational_fluency,4.0,3.0,3.5,False,1.0
443,Dr_I,user_implementation_relevant_progress,3.0,3.0,3.0,False,0.0
443,Dr_I,user_problem_frame_development,2.0,2.0,2.0,False,0.0
443,Dr_I,user_reflective_engagement,1.0,2.0,1.5,False,1.0
443,Dr_L,user_authorship_direction_setting,3.0,3.0,3.0,False,0.0
443,Dr_L,user_cognitive_flexibility,2.0,2.0,2.0,False,0.0
443,Dr_L,user_constraint_integration,3.0,3.0,3.0,False,0.0
443,Dr_L,user_epistemic_stance_regulation,2.0,2.0,2.0,False,0.0
443,Dr_L,user_ideational_fluency,3.0,3.0,3.0,False,0.0
443,Dr_L,user_implementation_relevant_progress,3.0,4.0,3.5,False,1.0
443,Dr_L,user_problem_frame_development,2.0,2.0,2.0,False,0.0
443,Dr_L,user_reflective_engagement,1.0,1.0,1.0,False,0.0
444,Dr_C,user_authorship_direction_setting,6.0,6.0,6.0,False,0.0
444,Dr_C,user_cognitive_flexibility,4.0,5.0,4.5,False,1.0
444,Dr_C,user_constraint_integration,6.0,6.0,6.0,False,0.0
444,Dr_C,user_epistemic_stance_regulation,4.0,3.0,3.5,False,1.0
444,Dr_C,user_ideational_fluency,5.0,5.0,5.0,False,0.0
444,Dr_C,user_implementation_relevant_progress,3.0,3.0,3.0,False,0.0
444,Dr_C,user_problem_frame_development,5.0,5.0,5.0,False,0.0
444,Dr_C,user_reflective_engagement,2.0,2.0,2.0,False,0.0
444,Dr_D,user_authorship_direction_setting,6.0,6.0,6.0,False,0.0
444,Dr_D,user_cognitive_flexibility,5.0,5.0,5.0,False,0.0
444,Dr_D,user_constraint_integration,6.0,6.0,6.0,False,0.0
444,Dr_D,user_epistemic_stance_regulation,4.0,4.0,4.0,False,0.0
444,Dr_D,user_ideational_fluency,5.0,5.0,5.0,False,0.0
444,Dr_D,user_implementation_relevant_progress,3.0,3.0,3.0,False,0.0
444,Dr_D,user_problem_frame_development,5.0,6.0,5.5,False,1.0
444,Dr_D,user_reflective_engagement,4.0,3.0,3.5,False,1.0
444,Dr_I,user_authorship_direction_setting,6.0,6.0,6.0,False,0.0
444,Dr_I,user_cognitive_flexibility,5.0,5.0,5.0,False,0.0
444,Dr_I,user_constraint_integration,6.0,5.0,5.5,False,1.0
444,Dr_I,user_epistemic_stance_regulation,4.0,4.0,4.0,False,0.0
444,Dr_I,user_ideational_fluency,5.0,5.0,5.0,False,0.0
444,Dr_I,user_implementation_relevant_progress,3.0,3.0,3.0,False,0.0
444,Dr_I,user_problem_frame_development,6.0,6.0,6.0,False,0.0
444,Dr_I,user_reflective_engagement,2.0,3.0,2.5,False,1.0
444,Dr_L,user_authorship_direction_setting,5.0,6.0,5.5,False,1.0
444,Dr_L,user_cognitive_flexibility,5.0,5.0,5.0,False,0.0
444,Dr_L,user_constraint_integration,5.0,5.0,5.0,False,0.0
444,Dr_L,user_epistemic_stance_regulation,3.0,5.0,4.0,True,2.0
444,Dr_L,user_ideational_fluency,5.0,5.0,5.0,False,0.0
444,Dr_L,user_implementation_relevant_progress,3.0,3.0,3.0,False,0.0
444,Dr_L,user_problem_frame_development,5.0,5.0,5.0,False,0.0
444,Dr_L,user_reflective_engagement,2.0,3.0,2.5,False,1.0
