family,quarter,mean,sem,count,construct,arm
BoundedRational,Q1,0.05706491296458515,0.035745739270918175,22,exp,Persona
BoundedRational,Q2,0.7136647947897242,0.11135827168526928,20,exp,Persona
BoundedRational,Q3,0.5878041494523046,0.11432754246941548,17,exp,Persona
BoundedRational,Q4,0.42133871620171603,0.079838028795365,20,exp,Persona
Convergent,Q1,0.11520688097677302,0.020630134335203807,109,exp,Persona
Convergent,Q2,0.35741269437383766,0.02843045669420294,91,exp,Persona
Convergent,Q3,0.43317053119051746,0.036545917804881256,85,exp,Persona
Convergent,Q4,0.3296811860357177,0.029425325454850833,91,exp,Persona
Divergent,Q1,0.10174844653733156,0.02342387899104067,93,exp,Persona
Divergent,Q2,0.5948395546522097,0.05162109315584649,65,exp,Persona
Divergent,Q3,0.6019972866728603,0.0547146187014871,70,exp,Persona
Divergent,Q4,0.5224319389716122,0.05608105831433386,65,exp,Persona
Rational,Q1,0.06956757998353545,0.027846856451516945,22,exp,Persona
Rational,Q2,0.4661293541258008,0.11373225621149535,20,exp,Persona
Rational,Q3,0.4495376316802806,0.07465579125252986,18,exp,Persona
Rational,Q4,0.28263128790503156,0.0635121976972384,20,exp,Persona
GPT,Q1,0.11939044612166011,0.013946348965030133,261,exp,GPT
GPT,Q2,0.3627885621830315,0.02001613462928747,205,exp,GPT
GPT,Q3,0.34252597403192625,0.016682924222743607,207,exp,GPT
GPT,Q4,0.3350002639921937,0.0182912477290713,205,exp,GPT
BoundedRational,Q1,0.4293958795857991,0.10224131164272306,22,con,Persona
BoundedRational,Q2,0.46490661730078237,0.10350833841846571,20,con,Persona
BoundedRational,Q3,0.42698050224925055,0.09446656289207125,17,con,Persona
BoundedRational,Q4,0.5926826415644165,0.11161093188653333,20,con,Persona
Convergent,Q1,0.4594650300950088,0.04372501483858082,109,con,Persona
Convergent,Q2,0.5426360894758143,0.04024408621015489,91,con,Persona
Convergent,Q3,0.5516303275808011,0.03932829672026032,85,con,Persona
Convergent,Q4,0.4732962782126996,0.04029249249283392,91,con,Persona
Divergent,Q1,0.5003942049339257,0.0489878157958269,93,con,Persona
Divergent,Q2,0.6549116788221846,0.03865118578212529,65,con,Persona
Divergent,Q3,0.5998512449753198,0.0476912507645503,70,con,Persona
Divergent,Q4,0.5244982460145268,0.03906124831002616,65,con,Persona
Rational,Q1,0.5060661525159729,0.10042057422668782,22,con,Persona
Rational,Q2,0.7855630747471765,0.11652368069227229,20,con,Persona
Rational,Q3,0.5900939438925904,0.09255202266578919,18,con,Persona
Rational,Q4,0.4817543629336412,0.09035775511543369,20,con,Persona
GPT,Q1,0.4621643626039083,0.02763495053733265,261,con,GPT
GPT,Q2,0.5118325789917685,0.023094166273627443,205,con,GPT
GPT,Q3,0.47634671071541695,0.022693086081175647,207,con,GPT
GPT,Q4,0.43584222277186685,0.021229793751263066,205,con,GPT
BoundedRational,Q1,0.007660182666428637,0.007226953531183374,22,cri,Persona
BoundedRational,Q2,0.09474834675499148,0.06271248218642156,20,cri,Persona
BoundedRational,Q3,0.09449869792671335,0.05550116665052997,17,cri,Persona
BoundedRational,Q4,0.0903900295021956,0.048325934155170565,20,cri,Persona
Convergent,Q1,0.03357424792650659,0.010970371208459827,109,cri,Persona
Convergent,Q2,0.12555649968624272,0.023395259450030917,91,cri,Persona
Convergent,Q3,0.09036263807160445,0.016336727948132273,85,cri,Persona
Convergent,Q4,0.11825338265956314,0.022578316036418262,91,cri,Persona
Divergent,Q1,0.035179272990385486,0.015771760629620397,93,cri,Persona
Divergent,Q2,0.13130491210603695,0.03305355285197196,65,cri,Persona
Divergent,Q3,0.11173355153796902,0.023059013726934807,70,cri,Persona
Divergent,Q4,0.10832089678762019,0.022792471546834447,65,cri,Persona
Rational,Q1,0.05916148141947268,0.041921912415415444,22,cri,Persona
Rational,Q2,0.37109864526288566,0.11703046463107576,20,cri,Persona
Rational,Q3,0.2804121423002191,0.11406837568428099,18,cri,Persona
Rational,Q4,0.16691405390712583,0.06036735892500273,20,cri,Persona
GPT,Q1,0.0300663243034069,0.00583260687114266,261,cri,GPT
GPT,Q2,0.13761312793467437,0.016005222508831386,205,cri,GPT
GPT,Q3,0.11902677315874892,0.014704421147218653,207,cri,GPT
GPT,Q4,0.1217384223946227,0.014253318157823401,205,cri,GPT
BoundedRational,Q1,1.54260230144894,0.10296468549278945,22,cer,Persona
BoundedRational,Q2,1.875769211427425,0.08091621156529065,20,cer,Persona
BoundedRational,Q3,1.8731603631600915,0.08401859921846132,17,cer,Persona
BoundedRational,Q4,1.993973243300894,0.07166809481988022,20,cer,Persona
Convergent,Q1,1.559047972374253,0.046034170491025435,109,cer,Persona
Convergent,Q2,1.9337553831663123,0.0263798266149669,91,cer,Persona
Convergent,Q3,1.9505130539232571,0.03145659369004141,85,cer,Persona
Convergent,Q4,1.8620710763842068,0.038125953248401914,91,cer,Persona
Divergent,Q1,1.5711552124123125,0.049391826294403356,93,cer,Persona
Divergent,Q2,1.8931872714569105,0.03570597846300216,65,cer,Persona
Divergent,Q3,1.9237122711867183,0.029276304693905107,70,cer,Persona
Divergent,Q4,1.8901146092456482,0.03559250896682167,65,cer,Persona
Rational,Q1,1.6451393427840715,0.11957022960849752,22,cer,Persona
Rational,Q2,1.9889638305193542,0.05303077696060429,20,cer,Persona
Rational,Q3,1.878420612459321,0.09710477072442446,18,cer,Persona
Rational,Q4,1.8797859267676824,0.03953896330523235,20,cer,Persona
GPT,Q1,1.5706966261661996,0.028977642681415384,261,cer,GPT
GPT,Q2,1.8261397009196638,0.02198022853653136,205,cer,GPT
GPT,Q3,1.787247315534627,0.023217847946025397,207,cer,GPT
GPT,Q4,1.7697406070056168,0.023627855152049983,205,cer,GPT
BoundedRational,Q1,0.04979954358247429,0.04116867862195989,22,com,Persona
BoundedRational,Q2,0.192101130114148,0.05756550100996423,20,com,Persona
BoundedRational,Q3,0.17765601461711483,0.039163877771006765,17,com,Persona
BoundedRational,Q4,0.376671488801483,0.07777063656350935,20,com,Persona
Convergent,Q1,0.046370893276324786,0.009534191661091347,109,com,Persona
Convergent,Q2,0.2329528730508187,0.019196631489016895,91,com,Persona
Convergent,Q3,0.30006538715346465,0.025416776575946074,85,com,Persona
Convergent,Q4,0.3616607777830335,0.03237129533438309,91,com,Persona
Divergent,Q1,0.027700231452998124,0.007369423555677074,93,com,Persona
Divergent,Q2,0.2645537846820842,0.025554383308500822,65,com,Persona
Divergent,Q3,0.2808890044636438,0.025502227848075387,70,com,Persona
Divergent,Q4,0.30770578390730974,0.02925622536324061,65,com,Persona
Rational,Q1,0.025769763617671793,0.01296297403935267,22,com,Persona
Rational,Q2,0.16476234337512433,0.04884003764922012,20,com,Persona
Rational,Q3,0.20307491792790638,0.05617385767330186,18,com,Persona
Rational,Q4,0.4117646152559254,0.07069125628418592,20,com,Persona
GPT,Q1,0.057016519353037184,0.007954384715526768,261,com,GPT
GPT,Q2,0.2045314587332274,0.012910227778505496,205,com,GPT
GPT,Q3,0.2390074048629005,0.013186799108034388,207,com,GPT
GPT,Q4,0.2606389787185324,0.012644957905678472,205,com,GPT
BoundedRational,Q1,0.022204928755149646,0.021294229444852743,22,ref,Persona
BoundedRational,Q2,0.1031628368933502,0.056904054269864064,20,ref,Persona
BoundedRational,Q3,0.10378937926980203,0.05914970925968561,17,ref,Persona
BoundedRational,Q4,0.03103722838251747,0.018317712155127695,20,ref,Persona
Convergent,Q1,0.01801317964851513,0.00615113773778751,109,ref,Persona
Convergent,Q2,0.05979887377130198,0.010812265510663279,91,ref,Persona
Convergent,Q3,0.0786155500860627,0.01583762228555452,85,ref,Persona
Convergent,Q4,0.07138401034618432,0.015548948957559542,91,ref,Persona
Divergent,Q1,0.031194803503820295,0.01021285439076799,93,ref,Persona
Divergent,Q2,0.233890105443042,0.033456954268387254,65,ref,Persona
Divergent,Q3,0.2436098742501619,0.03224879232560762,70,ref,Persona
Divergent,Q4,0.18450417591662574,0.030180858499796473,65,ref,Persona
Rational,Q1,0.06608967808609117,0.04612144454004013,22,ref,Persona
Rational,Q2,0.15405715510389154,0.06495532236805066,20,ref,Persona
Rational,Q3,0.04391460683300942,0.01850348302910599,18,ref,Persona
Rational,Q4,0.04783338243117195,0.02640283332703386,20,ref,Persona
GPT,Q1,0.020007735221199134,0.004217060417332619,261,ref,GPT
GPT,Q2,0.05544987266142039,0.006873224187927842,205,ref,GPT
GPT,Q3,0.05566294056005714,0.007241203338835338,207,ref,GPT
GPT,Q4,0.07340067222592316,0.00950562480956321,205,ref,GPT
BoundedRational,Q1,0.10396555303248407,0.054069867329234605,22,prop,Persona
BoundedRational,Q2,1.181214185346461,0.13462698117012473,20,prop,Persona
BoundedRational,Q3,1.357846261124129,0.1323798852208099,17,prop,Persona
BoundedRational,Q4,1.163059355791573,0.16885835498274754,20,prop,Persona
Convergent,Q1,0.20180923053218447,0.03857347105511235,109,prop,Persona
Convergent,Q2,0.9223787697228011,0.06034878415931716,91,prop,Persona
Convergent,Q3,0.958027627228612,0.05740740086886886,85,prop,Persona
Convergent,Q4,0.82939077337714,0.05958461220703646,91,prop,Persona
Divergent,Q1,0.19143539696719294,0.04570532844263587,93,prop,Persona
Divergent,Q2,1.0975548128097907,0.059913684649432045,65,prop,Persona
Divergent,Q3,1.1032306714755964,0.07022709494909501,70,prop,Persona
Divergent,Q4,1.0000741744680355,0.06213894621729068,65,prop,Persona
Rational,Q1,0.13764961452869692,0.07629209883293482,22,prop,Persona
Rational,Q2,0.7423868567989843,0.13508092072453323,20,prop,Persona
Rational,Q3,1.002483932762207,0.1643877864094294,18,prop,Persona
Rational,Q4,0.749967947460516,0.13884187534344114,20,prop,Persona
GPT,Q1,0.23108870712924665,0.02658391193938799,261,prop,GPT
GPT,Q2,0.8180984241058311,0.03362366995264721,205,prop,GPT
GPT,Q3,0.8447690525973033,0.03369519877060724,207,prop,GPT
GPT,Q4,0.7484214507270404,0.032148032653133096,205,prop,GPT
