family,user_construct,label,orig_metric,n,rho,p
Divergent,exp,Expansion,n_ideas,36,0.2555949775785761,0.1324358082951234
Divergent,exp,Expansion,orig_same,36,-0.1976833976833977,0.2478081447877206
Divergent,exp,Expansion,orig_all,36,-0.16344916344916346,0.3408378714688599
Divergent,exp,Expansion,orig_cross,36,-0.0640926640926641,0.7103645360932608
Divergent,con,Contraction,n_ideas,36,0.15468171661386387,0.3677081518350442
Divergent,con,Contraction,orig_same,36,-0.15830115830115832,0.3564663227787403
Divergent,con,Contraction,orig_all,36,-0.13256113256113256,0.440880318722618
Divergent,con,Contraction,orig_cross,36,-0.10167310167310167,0.5551627074710395
Divergent,cri,Critique,n_ideas,36,0.2272821192898924,0.18250237379589704
Divergent,cri,Critique,orig_same,36,-0.12329472329472331,0.47374371587509395
Divergent,cri,Critique,orig_all,36,-0.12844272844272847,0.4553297144672852
Divergent,cri,Critique,orig_cross,36,-0.2810810810810811,0.09678615985752602
Divergent,cer,Certainty,n_ideas,36,0.27403729811524163,0.10580752453083446
Divergent,cer,Certainty,orig_same,36,-0.22702702702702707,0.18300709846866955
Divergent,cer,Certainty,orig_all,36,-0.21621621621621626,0.20531319608229867
Divergent,cer,Certainty,orig_cross,36,-0.14491634491634495,0.3990738075095386
Divergent,com,Commitment,n_ideas,36,-0.18195557092865097,0.28818935127715495
Divergent,com,Commitment,orig_same,36,0.38043758043758047,0.022085536517262066
Divergent,com,Commitment,orig_all,36,0.37940797940797943,0.022478152065749275
Divergent,com,Commitment,orig_cross,36,0.21518661518661522,0.20753184999195634
Divergent,ref,Reframing,n_ideas,36,0.3345592795947216,0.046108290035580965
Divergent,ref,Reframing,orig_same,36,-0.24066924066924067,0.15738112092122425
Divergent,ref,Reframing,orig_all,36,-0.21235521235521235,0.21371861673133385
Divergent,ref,Reframing,orig_cross,36,-0.15546975546975547,0.3652427593784923
Divergent,prop,Propose-new-idea,n_ideas,36,0.1924754861643546,0.260736700442311
Divergent,prop,Propose-new-idea,orig_same,36,-0.08674388674388675,0.6149324779525246
Divergent,prop,Propose-new-idea,orig_all,36,-0.1052767052767053,0.541153385882663
Divergent,prop,Propose-new-idea,orig_cross,36,0.023423423423423427,0.8921382490082714
Convergent,exp,Expansion,n_ideas,36,0.05720685297532988,0.7403430444375511
Convergent,exp,Expansion,orig_same,36,-0.06924066924066924,0.688225420687642
Convergent,exp,Expansion,orig_all,36,-0.05302445302445303,0.7587407005013114
Convergent,exp,Expansion,orig_cross,36,-0.11145431145431146,0.5175371722971552
Convergent,con,Contraction,n_ideas,36,0.026583594548900445,0.877688974618954
Convergent,con,Contraction,orig_same,36,-0.034749034749034756,0.8405447851079859
Convergent,con,Contraction,orig_all,36,-0.029858429858429857,0.8627564341744604
Convergent,con,Contraction,orig_cross,36,-0.04993564993564994,0.7724126949061765
Convergent,cri,Critique,n_ideas,36,0.149858498682527,0.38301226748928124
Convergent,cri,Critique,orig_same,36,0.050450450450450456,0.7701292149907082
Convergent,cri,Critique,orig_all,36,0.0435006435006435,0.8011092946125664
Convergent,cri,Critique,orig_cross,36,0.08288288288288288,0.6308185009619165
Convergent,cer,Certainty,n_ideas,36,0.157286267747661,0.3595974474593065
Convergent,cer,Certainty,orig_same,36,-0.43037323037323044,0.008791990286518345
Convergent,cer,Certainty,orig_all,36,-0.4187902187902188,0.011018243825537816
Convergent,cer,Certainty,orig_cross,36,-0.4146718146718147,0.011917284202692328
Convergent,com,Commitment,n_ideas,36,0.20654410470591766,0.2268113550066715
Convergent,com,Commitment,orig_same,36,-0.09575289575289575,0.5785385314867585
Convergent,com,Commitment,orig_all,36,-0.1425997425997426,0.4067337871678245
Convergent,com,Commitment,orig_cross,36,-0.11377091377091379,0.508814453375899
Convergent,ref,Reframing,n_ideas,36,0.01941644895973611,0.9105080792922214
Convergent,ref,Reframing,orig_same,36,0.02265122265122265,0.8956743750994363
Convergent,ref,Reframing,orig_all,36,0.024195624195624193,0.8886041701646353
Convergent,ref,Reframing,orig_cross,36,-0.036036036036036036,0.834718991919436
Convergent,prop,Propose-new-idea,n_ideas,36,0.3496263930132348,0.036599741207514094
Convergent,prop,Propose-new-idea,orig_same,36,-0.14208494208494207,0.4084473082848146
Convergent,prop,Propose-new-idea,orig_all,36,-0.10888030888030889,0.527314987509208
Convergent,prop,Propose-new-idea,orig_cross,36,0.0380952380952381,0.8254158399844027
Rational,exp,Expansion,n_ideas,7,-0.4182509562856521,0.3503951126391441
Rational,exp,Expansion,orig_same,7,0.42857142857142866,0.3373683110858243
Rational,exp,Expansion,orig_all,7,0.42857142857142866,0.3373683110858243
Rational,exp,Expansion,orig_cross,7,0.0,1.0
Rational,con,Contraction,n_ideas,7,0.0181848241863327,0.9691335878067214
Rational,con,Contraction,orig_same,7,0.0,1.0
Rational,con,Contraction,orig_all,7,0.0,1.0
Rational,con,Contraction,orig_cross,7,0.21428571428571433,0.6445115810207203
Rational,cri,Critique,n_ideas,7,0.16366341767699433,0.7258624740766529
Rational,cri,Critique,orig_same,7,-0.21428571428571433,0.6445115810207203
Rational,cri,Critique,orig_all,7,-0.21428571428571433,0.6445115810207203
Rational,cri,Critique,orig_cross,7,-0.5357142857142858,0.21521745567801298
Rational,cer,Certainty,n_ideas,7,0.3091420111676559,0.4998985145994543
Rational,cer,Certainty,orig_same,7,-0.39285714285714296,0.3833168704269727
Rational,cer,Certainty,orig_all,7,-0.39285714285714296,0.3833168704269727
Rational,cer,Certainty,orig_cross,7,-0.3571428571428572,0.431611352038328
Rational,com,Commitment,n_ideas,7,0.8365019125713042,0.018971259581891147
Rational,com,Commitment,orig_same,7,-0.7857142857142859,0.03623846267982715
Rational,com,Commitment,orig_all,7,-0.7857142857142859,0.03623846267982715
Rational,com,Commitment,orig_cross,7,-0.8928571428571429,0.006807187408935393
Rational,ref,Reframing,n_ideas,7,0.5637295497763136,0.18749633154780124
Rational,ref,Reframing,orig_same,7,-0.5357142857142858,0.21521745567801298
Rational,ref,Reframing,orig_all,7,-0.5357142857142858,0.21521745567801298
Rational,ref,Reframing,orig_cross,7,-0.21428571428571433,0.6445115810207203
Rational,prop,Propose-new-idea,n_ideas,7,0.32732683535398865,0.4735969360680639
Rational,prop,Propose-new-idea,orig_same,7,-0.3571428571428572,0.431611352038328
Rational,prop,Propose-new-idea,orig_all,7,-0.3571428571428572,0.431611352038328
Rational,prop,Propose-new-idea,orig_cross,7,-0.1785714285714286,0.7016579425162727
BoundedRational,exp,Expansion,n_ideas,8,0.16868694244915797,0.6896608067073912
BoundedRational,exp,Expansion,orig_same,8,0.09523809523809526,0.8225054302036114
BoundedRational,exp,Expansion,orig_all,8,0.07142857142857144,0.8665262706759088
BoundedRational,exp,Expansion,orig_cross,8,-0.09523809523809526,0.8225054302036114
BoundedRational,con,Contraction,n_ideas,8,-0.4578645580762859,0.25394134134526347
BoundedRational,con,Contraction,orig_same,8,0.09523809523809526,0.8225054302036114
BoundedRational,con,Contraction,orig_all,8,0.2142857142857143,0.6103444156452669
BoundedRational,con,Contraction,orig_cross,8,0.6190476190476191,0.10173303745426478
BoundedRational,cri,Critique,n_ideas,8,-0.20483414440254896,0.6265435481779081
BoundedRational,cri,Critique,orig_same,8,-0.3571428571428572,0.38512064355625614
BoundedRational,cri,Critique,orig_all,8,-0.3333333333333334,0.4197530864197532
BoundedRational,cri,Critique,orig_cross,8,-0.07142857142857144,0.8665262706759088
BoundedRational,cer,Certainty,n_ideas,8,0.39761922148730094,0.32931690299077676
BoundedRational,cer,Certainty,orig_same,8,-0.2380952380952381,0.5701563208157683
BoundedRational,cer,Certainty,orig_all,8,-0.28571428571428575,0.49272624501695717
BoundedRational,cer,Certainty,orig_cross,8,0.0,1.0
BoundedRational,com,Commitment,n_ideas,8,0.39761922148730094,0.32931690299077676
BoundedRational,com,Commitment,orig_same,8,0.11904761904761905,0.7788857260523796
BoundedRational,com,Commitment,orig_all,8,0.023809523809523815,0.9553740118158806
BoundedRational,com,Commitment,orig_cross,8,-0.07142857142857144,0.8665262706759088
BoundedRational,ref,Reframing,n_ideas,8,0.277128548309331,0.5063754253085383
BoundedRational,ref,Reframing,orig_same,8,0.0,1.0
BoundedRational,ref,Reframing,orig_all,8,-0.04761904761904763,0.9108491685195836
BoundedRational,ref,Reframing,orig_cross,8,-0.2380952380952381,0.5701563208157683
BoundedRational,prop,Propose-new-idea,n_ideas,8,0.012049067317796997,0.9774101852887366
BoundedRational,prop,Propose-new-idea,orig_same,8,-0.3333333333333334,0.4197530864197532
BoundedRational,prop,Propose-new-idea,orig_all,8,-0.261904761904762,0.530922861565801
BoundedRational,prop,Propose-new-idea,orig_cross,8,0.04761904761904763,0.9108491685195836
ALL,exp,Expansion,n_ideas,87,0.09742581867735205,0.369333745189078
ALL,exp,Expansion,orig_same,87,-0.0895421739447401,0.40950084452701924
ALL,exp,Expansion,orig_all,87,-0.05762921921702995,0.5959761395432861
ALL,exp,Expansion,orig_cross,87,-0.0037180141430341903,0.9727353321189582
ALL,con,Contraction,n_ideas,87,0.03145438495955291,0.7724167975898302
ALL,con,Contraction,orig_same,87,-0.047951447109426254,0.6591796074863886
ALL,con,Contraction,orig_all,87,-0.0041372020121017705,0.9696627561517664
ALL,con,Contraction,orig_cross,87,-0.0032806007144419334,0.9759419214504554
ALL,cri,Critique,n_ideas,87,0.12367459489798481,0.2537605773571657
ALL,cri,Critique,orig_same,87,-0.058504046074214465,0.5903988742487141
ALL,cri,Critique,orig_all,87,-0.07299336589633301,0.5016559799710402
ALL,cri,Critique,orig_cross,87,-0.15333163228111102,0.15622105545498619
ALL,cer,Certainty,n_ideas,87,0.2040028399964454,0.0580562210856374
ALL,cer,Certainty,orig_same,87,-0.28293358606109204,0.007922624001389291
ALL,cer,Certainty,orig_all,87,-0.26530947000072896,0.013008777001327474
ALL,cer,Certainty,orig_cross,87,-0.2537362397025588,0.017720248793990975
ALL,com,Commitment,n_ideas,87,0.15839398180509365,0.14283919664080846
ALL,com,Commitment,orig_same,87,-0.039039148501859,0.7195927491360947
ALL,com,Commitment,orig_all,87,-0.059378872931398985,0.5848453319203487
ALL,com,Commitment,orig_cross,87,-0.07610993657505286,0.4835179707011551
ALL,ref,Reframing,n_ideas,87,0.13260506501369412,0.2208075838103628
ALL,ref,Reframing,orig_same,87,-0.1559196617336152,0.14926764771404588
ALL,ref,Reframing,orig_all,87,-0.13601735073266746,0.20904973021611145
ALL,ref,Reframing,orig_cross,87,-0.07574542538455929,0.48562115929284944
ALL,prop,Propose-new-idea,n_ideas,87,0.28675914288125737,0.007084878923237679
ALL,prop,Propose-new-idea,orig_same,87,-0.19342786323540131,0.07264196807933837
ALL,prop,Propose-new-idea,orig_all,87,-0.15827075891229858,0.14315431744814514
ALL,prop,Propose-new-idea,orig_cross,87,0.007344900488444995,0.9461687924842714
