User_id,u_cer__GPT,u_cer__Persona,u_com__GPT,u_com__Persona,u_con__GPT,u_con__Persona,u_cri__GPT,u_cri__Persona,u_exp__GPT,u_exp__Persona,u_prop__GPT,u_prop__Persona,u_ref__GPT,u_ref__Persona,a_cer__GPT,a_cer__Persona,a_com__GPT,a_com__Persona,a_con__GPT,a_con__Persona,a_cri__GPT,a_cri__Persona,a_exp__GPT,a_exp__Persona,a_prop__GPT,a_prop__Persona,a_ref__GPT,a_ref__Persona,family,du_exp,da_exp,du_con,da_con,du_cri,da_cri,du_cer,da_cer,du_com,da_com,du_ref,da_ref,du_prop,da_prop
24,1.648330840179233,1.7290585768779256,0.16085719536405485,0.13595233220844724,0.28472054684562415,0.46076703822664494,0.16512503500421663,0.013264113739724146,0.40137339057504645,0.2834078630934896,0.5515111085316446,0.5387278507066704,0.02528014708899663,0.11693664030608016,2.0689940434105405,2.063682385409698,0.20593272754336633,0.12009008384996722,1.3961153162688065,1.4195577150332013,0.013244550580260483,0.171417163482103,1.182586841812569,0.791126901385025,1.1181318382303969,1.1072994058475116,0.36992843416249616,0.17332095145543128,Convergent,-0.11796552748155686,-0.39145994042754395,0.1760464913810208,0.0234423987643948,-0.1518609212644925,0.15817261290184254,0.08072773669869271,-0.005311658000842545,-0.02490486315560761,-0.08584264369339911,0.09165649321708352,-0.19660748270706488,-0.012783257824974248,-0.010832432382885226
25,1.9494283651937696,1.940427835279222,0.23217738677766062,0.1489434669597644,0.5628634291248703,0.8473575856140695,0.011745627039711659,0.1340456605492662,0.332316317944321,0.4345143758343202,0.976041264071898,1.153369634712536,0.02715749403888827,0.0388190164551328,1.8189717244477197,1.9708013350014713,0.1264889756665201,0.2693423521776607,0.8129958112660509,1.3256774049123483,0.0028909702367840573,0.13250894650415687,0.9931957855752873,0.9067009555879706,0.8631264715202798,1.1240530148506391,0.3368918726625602,0.10061994945403381,Convergent,0.1021980578899992,-0.08649482998731672,0.2844941564891992,0.5126815936462974,0.12230003350955454,0.12961797626737281,-0.009000529914547695,0.15182961055375155,-0.08323391981789621,0.14285337651114063,0.011661522416244529,-0.2362719232085264,0.177328370640638,0.26092654333035936
27,1.8450343226700294,1.8431497101114043,0.24915637183398057,0.15134050183072778,0.6155063876004156,0.5622620060011858,0.07142793515783341,0.14030537658709752,0.3874574856143934,0.39051862098305307,0.9941498343465078,0.768271426943033,0.033362929927496204,0.06732888507432924,1.9949133090130071,1.9867985497221707,0.2508224691260881,0.25215509241893724,1.2899743050688406,1.667849840435302,0.04574419023836891,0.01215463720042091,0.8597855809919266,0.811793436693013,1.115482470696821,0.8906265622149624,0.03563472123336795,0.10100330429736529,Convergent,0.003061135368659651,-0.04799214429891363,-0.05324438159922984,0.37787553536646135,0.06887744142926411,-0.033589553037948,-0.0018846125586251539,-0.008114759290836382,-0.09781587000325279,0.0013326232928491666,0.03396595514683304,0.06536858306399734,-0.22587840740347487,-0.22485590848185855
28,1.8524535807230877,1.9276755414210653,0.1788605603057117,0.3743256892640486,0.6838200137917688,0.6290030090963056,0.015799524085284743,0.18257381448792245,0.5626219153806934,0.5469256807843879,0.8389420533205519,0.9828660923218399,0.00819877689169803,0.04297801074144752,1.8689419771968778,1.884224905775228,0.22326021023068665,0.047492815869080086,1.0610036908666332,1.356921091934504,0.0446579163781302,0.23894683106833078,0.8489729442115499,0.7390605017261312,0.7278126167970249,1.1106729680659175,0.21277402314394683,0.22435494726960767,Convergent,-0.015696234596305536,-0.10991244248541865,-0.054817004695463245,0.2959174010678709,0.16677429040263772,0.1942889146902006,0.0752219606979776,0.01528292857835023,0.19546512895833687,-0.17576739436160657,0.034779233849749486,0.011580924125660835,0.14392403900128792,0.3828603512688926
29,1.7935781723107407,1.8709575778683611,0.22972184262568066,0.23086876632696826,0.6075664769887718,0.7557481524022436,0.09829793158425937,0.04600991161253522,0.3206228069251179,0.4792704818473741,0.7567190108572913,1.0432457102542467,0.07005000463121985,0.06373634428481147,1.8635617068085846,2.011272695768449,0.25947261065679866,0.05579149489131253,0.698346428174411,1.6051835816582833,0.06403820810135974,0.07059613758979107,0.8569311586530026,0.6838310775882596,0.6549449110207055,0.9379158804843252,0.0502500842396036,0.14062486797377988,Convergent,0.15864767492225618,-0.17310008106474306,0.14818167541347183,0.9068371534838724,-0.05228801997172415,0.006557929488431327,0.07737940555762046,0.14771098895986445,0.0011469237012876055,-0.20368111576548614,-0.006313660346408387,0.09037478373417628,0.2865266993969554,0.28297096946361966
30,2.0555664283769004,1.894136359333586,0.1998881461291137,0.216706214045322,0.5481659200075878,0.7006705060921173,0.013320989529904775,0.062436921588818244,0.3356697554682401,0.34701894887186,1.0788130878323843,1.006365713103891,0.020376180549376923,0.12096956554371553,2.120252883909612,1.9561792214966691,0.17042753298028576,0.1697794644375643,1.3812281344027952,1.4231930766804186,0.0185610540013622,0.07454883878315278,0.9091935474757388,0.7458268702525384,1.0179906698579153,0.8525376269275374,0.48531329371336285,0.07924913305296881,Convergent,0.011349193403619895,-0.16336667722320042,0.15250458608452955,0.041964942277623374,0.04911593205891347,0.05598778478179059,-0.16143006904331436,-0.16407366241294286,0.016818067916208296,-0.0006480685427214528,0.1005933849943386,-0.406064160660394,-0.07244737472849327,-0.16545304293037788
31,1.9481685553523558,1.9866464831046828,0.2793471844372901,0.2726873763228075,0.5855163655470356,0.6516040407083136,0.08462646286950927,0.1010488237266621,0.22122909460113055,0.4426713571006319,0.6615432336924854,1.0932227277941047,0.07410461920614392,0.10594769511039258,1.9911819666909922,2.0143603900202964,0.32593651673876517,0.2462565138100174,1.4432899770592935,1.6000620310962934,0.08452180199964274,0.11971522201507932,1.0411782152073659,0.8841638460578713,0.9021484656683287,1.3116411160752324,0.23654997360471913,0.2771917269571927,Convergent,0.22144226249950133,-0.15701436914949451,0.066087675161278,0.1567720540369999,0.016422360857152832,0.035193420015436586,0.03847792775232706,0.0231784233293042,-0.006659808114482635,-0.07968000292874777,0.03184307590424866,0.04064175335247355,0.4316794941016193,0.40949265040690364
32,1.885601828167076,1.6870571760149655,0.11340961943835905,0.12564675840595857,0.6166810476771986,0.5980165094652232,0.21523743791678765,0.016401509577117848,0.41009736698461197,0.5771882608023261,0.9018086161863582,0.6675481978080171,0.039387078860391875,0.19940931103495507,1.9450511790175733,1.9047887057220874,0.1465877881930715,0.14036829261074832,1.4455588339986256,1.612113039836353,0.08235323579210861,0.06496141485709735,1.2060402860919233,0.8085478276200995,1.281766062376263,1.181872017015825,0.25397265990661133,0.2487652200620168,Convergent,0.16709089381771414,-0.3974924584718238,-0.018664538211975334,0.1665542058377274,-0.1988359283396698,-0.017391820935011265,-0.1985446521521106,-0.040262473295485934,0.012237138967599523,-0.006219495582323181,0.16002223217456318,-0.005207439844594541,-0.2342604183783411,-0.099894045360438
33,1.895981342493151,1.9219230198090762,0.162897847036439,0.10495024385875876,0.5650466804405694,0.7262513527454132,0.09962519265609045,0.05516403495178827,0.15698348567906326,0.36924368780616434,0.777593289270689,0.6819089831846303,0.01910351439013016,0.043407232799446985,1.8725743673468724,1.8440481846640355,0.13116469677821957,0.18082125792109255,1.2212507450092116,1.271291912938631,0.055379316788660635,0.08964705523187685,0.6668033218599316,0.6081340796244061,0.9276402987159903,0.9408226604551929,0.14726324028539958,0.11497524014791083,Convergent,0.2122602021271011,-0.0586692422355255,0.1612046723048438,0.05004116792941948,-0.04446115770430218,0.03426773844321622,0.025941677315925116,-0.02852618268283691,-0.057947603177680246,0.04965656114287298,0.024303718409316825,-0.032288000137488754,-0.09568430608605871,0.01318236173920262
34,1.8955911246906048,1.748297821206613,0.18466162025857788,0.10616306688241055,0.6197636962491856,0.6618017116607944,0.1785163340686833,0.03241559599017789,0.25419404336937734,0.4709707101390747,0.6224198782626063,0.9059649127674736,0.04767861126406084,0.13831907150907674,2.161579481838234,1.9799885379681261,0.5871008777460212,0.08187630587382297,1.4331298484859578,0.9681940576882334,0.049078244943888925,0.021679335133858387,0.3765173006016962,2.17400307399226,1.3658678863217717,1.2957076463980035,0.0437474733048614,1.3680768356254365,Divergent,0.21677666676969737,1.7974857733905636,0.04203801541160879,-0.4649357907977244,-0.14610073807850543,-0.027398909810030538,-0.14729330348399183,-0.18159094387010777,-0.07849855337616733,-0.5052245718721982,0.0906404602450159,1.324329362320575,0.28354503450486734,-0.07016023992376819
35,1.5460369069755058,1.877606077941992,0.16551642033225805,0.19261022076069048,0.6244648316406344,0.8469700100222912,0.004225241195244172,0.04933422220574744,0.23975298816229335,0.8679746241999832,0.5635323710607517,1.127089325074174,0.04848488540980023,0.20497177363315083,2.183186727341961,1.9852342353127614,0.5921107701900423,0.1875445969089735,1.409109169250547,0.8153985449881186,0.1134198229927398,0.1797367556387824,0.24447594541305182,2.2276495332130346,1.665390631403427,1.2554866388503292,0.03834108803638966,1.4356325239883796,Divergent,0.6282216360376898,1.9831735877999828,0.22250517838165684,-0.5937106242624285,0.045108981010503264,0.06631693264604259,0.3315691709664863,-0.1979524920291995,0.02709380042843243,-0.4045661732810688,0.1564868882233506,1.39729143595199,0.5635569540134223,-0.40990399255309784
36,1.7709738224358555,1.8195963793270056,0.1436850179940027,0.22573686346161842,0.7164166843369693,0.759669452102884,0.10878832343679039,0.027069288277516024,0.12997223041536995,0.8597592156288052,0.4769397696592398,0.8010747262874058,0.01997912184932116,0.4841009164857192,2.0982166123035992,1.8416649573359833,0.5284710095109625,0.07623257926309718,1.3623423125674152,0.6916165557830275,0.07604873877778243,0.04167517482305876,0.4879259366949495,2.0016415198650543,1.5058811016929,0.8115570748671896,0.044159617644496704,1.0398535122520207,Divergent,0.7297869852134352,1.5137155831701048,0.04325276776591469,-0.6707257567843877,-0.08171903515927437,-0.034373563954723664,0.048622556891150026,-0.2565516549676159,0.08205184546761571,-0.4522384302478653,0.464121794636398,0.995693894607524,0.32413495662816605,-0.6943240268257103
37,1.7920299970408504,1.6316766416608188,0.10402892248253348,0.12804579004697897,0.7474619125601154,0.3141479055698147,0.21948537069138213,0.06068072768303518,0.07008836131169813,0.4691655382611827,0.6339478686675518,0.5793606929350295,0.06466950703988897,0.11074279516309787,2.221494196323645,1.904711521445996,0.5345904734829536,0.07056962431841554,1.3649734955221404,0.7208893943140944,0.0571713983847188,0.016739615192748757,0.16253651309289402,1.5984755229253613,1.1951520872858459,1.2511658662710392,0.0317536056934902,0.6778314000092718,Divergent,0.3990771769494845,1.4359390098324674,-0.4333140069903007,-0.644084101208046,-0.15880464300834696,-0.040431783191970036,-0.1603533553800316,-0.3167826748776492,0.024016867564445488,-0.4640208491645381,0.046073288123208905,0.6460777943157816,-0.054587175732522364,0.05601377898519333
38,1.7884823826484049,1.7334910138334916,0.2585791700403031,0.18991395311399925,0.5362388069387657,0.32345908024082964,0.14169577801960836,0.0652107587327161,0.2153266686682389,0.2774512208025824,0.4987125544967455,0.4134651159815994,0.13232576609729393,0.13998855237214936,2.1972309619593102,1.9012281876327701,0.5729910964958703,0.08652047603200824,1.358675651106549,0.8620339356289671,0.0,0.004410174905345016,0.31221018107470466,2.208608861319053,1.7600904963012187,1.1378889298359898,0.03240046195614012,1.5282800608170712,Divergent,0.06212455213434348,1.8963986802443482,-0.21277972669793604,-0.49664171547758185,-0.07648501928689226,0.004410174905345016,-0.05499136881491329,-0.2960027743265401,-0.06866521692630387,-0.4864706204638621,0.007662786274855421,1.495879598860931,-0.0852474385151461,-0.622201566465229
39,1.7213012033316537,1.6239288329981876,0.20235853447948482,0.15280552445939075,0.46086985294239563,0.5443660123297366,0.1949187044535473,0.20891454278764457,0.23506677729974654,0.15757268297094937,0.5001183709015483,0.6720082443086893,0.034720524824409064,0.004170111851130155,2.171132458700018,1.992036261337316,0.5247690226229549,0.2946352785844963,1.4990699696503271,1.3996268949756394,0.030901979293164124,0.18699311445235808,0.33968675721638836,0.9784907889528726,1.5875811579284664,1.2688524469798113,0.08858905009847912,0.23790349148843948,BoundedRational,-0.07749409432879717,0.6388040317364843,0.08349615938734095,-0.09944307467468771,0.01399583833409726,0.15609113515919396,-0.09737237033346613,-0.1790961973627021,-0.049553010020094074,-0.2301337440384586,-0.030550412973278908,0.14931444138996036,0.17188987340714101,-0.3187287109486552
40,1.5115601989178487,1.8543655554860217,0.1510995169382151,0.1800408495917707,0.3185492065986316,0.44468254239172506,0.07864980874020304,0.05297022003346423,0.2642166386530049,0.3335591152537091,0.53046191794316,1.0677090583891404,0.06981437152653244,0.019113548341188558,2.281716388316486,1.845961149093155,0.6653389169931898,0.2802905545024511,1.6467378793851077,1.3633734689916448,0.0031268085409678543,0.007501961173690415,0.5220907990726267,1.066639975731466,1.7440601883135096,1.2699506555298112,0.09876512408659682,0.1987370743299363,BoundedRational,0.06934247660070425,0.5445491766588393,0.12613333579309344,-0.28336441039346294,-0.02567958870673881,0.00437515263272256,0.342805356568173,-0.43575523922333104,0.028941332653555585,-0.3850483624907387,-0.050700823185343885,0.09997195024333946,0.5372471404459804,-0.4741095327836984
41,1.6076548345553392,1.6303766465436977,0.13227515591934091,0.16637998864380668,0.5426119693504465,0.6591907906364026,0.1527001268349455,0.015132791848212283,0.19582825658271044,0.6194085808071793,0.31849470624076126,0.631293999370349,0.04964920217982055,0.17922390783225198,2.1774019545006946,1.927436935318554,0.40816234511680327,0.1142522465916825,1.2139587492407946,1.3763821800110492,0.10260045748850588,0.09440004542748882,0.2885970854963586,1.402572402035022,1.29031506123124,0.8929911593808155,0.06391584032077935,0.44799596862030483,BoundedRational,0.4235803242244689,1.1139753165386634,0.11657882128595609,0.16242343077025456,-0.1375673349867332,-0.008200412061017057,0.022721811988358542,-0.24996501918214054,0.03410483272446577,-0.2939100985251208,0.12957470565243143,0.3840801282995255,0.31279929312958776,-0.39732390185042443
42,1.779478091057992,1.8806698250415177,0.18222579832774463,0.18960612823658557,0.4322005634728374,0.5323884172680123,0.12486895359739394,0.01714079974367415,0.3365255794103778,0.6549107962784226,0.7060677122566132,1.2157021910745023,0.04211652647444668,0.015169626907484014,2.1977853818317357,1.9026461540300228,0.5710524569272608,0.21177602439079382,1.464120697783157,1.3124580163404496,0.0048373043183225556,0.0009675857114021,0.5274498042757494,1.1455272661384401,1.5505938547569162,1.2117007785949885,0.08888232625610798,0.32135706852551604,BoundedRational,0.31838521686804483,0.6180774618626907,0.10018785379517492,-0.15166268144270734,-0.1077281538537198,-0.0038697186069204556,0.10119173398352577,-0.29513922780171287,0.007380329908840938,-0.359276432536467,-0.026946899566962664,0.23247474226940806,0.509634478817889,-0.33889307616192776
43,1.5999096480038748,1.855830727763301,0.08206294382479004,0.26611182353602864,0.5136781429494319,0.4403320362411074,0.2189016031346131,0.09471191104340088,0.27133277180418447,0.6791463945227144,0.557530265141533,0.9376236992020108,0.03301013377543019,0.045613371681456384,2.2149777764755734,1.981277138968973,0.495358745145476,0.2302140843022446,1.4513428872871066,1.3429759822036653,0.22535736107958687,0.31965663246289266,0.43802538389754936,0.9244176401110931,1.5035885216623877,1.0849049299425886,0.018416392823230123,0.07578447509061279,BoundedRational,0.40781362271852994,0.4863922562135437,-0.07334610670832453,-0.10836690508344127,-0.12418969209121222,0.0942992713833058,0.25592107975942624,-0.23370063750660042,0.1840488797112386,-0.2651446608432314,0.012603237906026195,0.05736808226738266,0.3800934340604778,-0.4186835917197991
44,1.9306166402780156,1.7442942760185927,0.1384884332839414,0.18822882775104421,0.5239326129242351,0.40168682110145787,0.03616452441220801,0.11265462351623573,0.361867501209764,0.3323148916287622,0.6526153906890904,0.6862623745649724,0.04838709158399316,0.05078455938857898,2.226420133993076,2.00273570624574,0.6048559756482536,0.22797652101329005,1.5818123887274262,1.3600701968650495,0.030792513643876338,0.0402156636835093,0.4513882612870243,1.174437893384487,1.4024097693080277,1.2292526758760138,0.09776051080963037,0.18476590826956182,BoundedRational,-0.02955260958100181,0.7230496320974626,-0.12224579182277723,-0.22174219186237676,0.07649009910402772,0.009423150039632965,-0.18632236425942295,-0.22368442774733577,0.04974039446710282,-0.37687945463496353,0.002397467804585822,0.08700539745993145,0.03364698387588205,-0.1731570934320139
45,1.67420787912906,2.019794948733874,0.15562257126876916,0.24207109542196623,0.39179796265537087,0.3824438863464717,0.051924280854495526,0.02205289155871626,0.2918398576875677,0.28737772670950984,0.4243875395696389,0.9056697096750579,0.03684255339572446,0.054550379430412556,2.244282655028201,1.9424914242931328,0.6018907263948935,0.1216334590994419,1.32561560285522,1.3596411336298342,0.036681507668673154,0.04048253782457085,0.3284887769006813,1.3970895227708138,1.627241408872011,1.286189729812556,0.0500781804596696,0.2769626638591654,BoundedRational,-0.0044621309780578655,1.0686007458701325,-0.009354076308899173,0.03402553077461423,-0.029871389295779267,0.0038010301558976944,0.3455870696048142,-0.3017912307350683,0.08644852415319706,-0.4802572672954516,0.017707826034688096,0.2268844833994958,0.48128217010541896,-0.3410516790594551
46,1.7894858821927617,1.9226645279871373,0.2788846211953553,0.2024161419874738,0.5765306064136753,0.5079979989832358,0.10927971026702563,0.0029766958025027146,0.07523288735395056,0.48488494407842947,0.5552783316618451,1.321966453456184,0.061316028658732806,0.12175116546163244,2.1699851147207845,1.913060758576989,0.5559978680014146,0.042424145848356125,1.528912481235518,1.0625206273125474,0.16442993878899737,0.03536014297274708,0.26013053068488284,1.3611182975520608,1.417207746874753,1.3511288825924004,0.0114863194688874,0.06215783400048857,BoundedRational,0.4096520567244789,1.100987766867178,-0.06853260743043943,-0.46639185392297056,-0.10630301446452291,-0.12906979581625028,0.13317864579437555,-0.2569243561437955,-0.0764684792078815,-0.5135737221530585,0.06043513680289963,0.05067151453160117,0.7666881217943388,-0.06607886428235266
47,1.7216655926437838,1.7011442078118002,0.15328955762484214,0.11923426808884614,0.5806769094209291,0.5224311653814327,0.06354290193441896,0.0024152165240291833,0.19867824288509217,0.492569365747104,0.5842080186796992,0.9820192176528418,0.06995341348133896,0.1655537835910629,2.1181793932523028,1.8152063355624233,0.5252036633680551,0.13858923285177724,1.3779067290960818,1.2424939887325668,0.060989603766313495,0.0,0.4133478479613065,1.0844558073813773,1.389504585519413,1.0500908255812595,0.08702263691278203,0.365450134110383,BoundedRational,0.29389112286201186,0.6711079594200707,-0.05824574403949634,-0.13541274036351503,-0.06112768541038977,-0.060989603766313495,-0.020521384831983625,-0.3029730576898795,-0.034055289535996,-0.38661443051627786,0.09560037010972394,0.27842749719760096,0.39781119897314265,-0.3394137599381535
48,1.8408259234303537,1.8109414095138496,0.24547616326114766,0.12911285902227965,0.5264087146718633,0.7526472799408443,0.10713524512678747,0.001433893341808975,0.3567693055916378,0.2738914992048516,1.1781952170001517,0.9730801146217165,0.006662468734796199,0.0648325494708653,2.110906145657151,2.0482415910054788,0.47506828282232594,0.20747807671777518,1.325864552566727,1.599254936722936,0.00479561188465506,0.007260193283960387,0.3311318685161104,0.8934335655827885,1.6451405550306988,0.7666153056871144,0.028278257574752642,0.12819414829388426,Rational,-0.08287780638678616,0.5623016970666781,0.226238565268981,0.2733903841562091,-0.1057013517849785,0.002464581399305327,-0.02988451391650404,-0.06266455465167242,-0.11636330423886801,-0.26759020610455075,0.058170080736069094,0.09991589071913162,-0.20511510237843522,-0.8785252493435843
49,1.7426743817266077,1.8101866381089258,0.2979088003565249,0.12343239951561877,0.563138077596937,0.4442363480860977,0.10715609630457913,0.25345724076393233,0.16998234481376667,0.3397330792427731,0.8186602766139536,0.43492602585236123,0.0091286997282498,0.021075623351653427,2.3623874340091486,2.0497177493548855,0.584745074793241,0.07017077493682715,1.5925720630300457,1.490751075699025,0.1272112916453748,0.6669979490831798,0.22864322855858304,0.5721914310331487,2.202757645094657,0.701599353947063,0.011003401758692513,0.12955781641508138,Rational,0.1697507344290064,0.3435482024745657,-0.11890172951083933,-0.10182098733102074,0.14630114445935322,0.539786657437805,0.06751225638231806,-0.31266968465426315,-0.17447640084090613,-0.5145742998564139,0.011946923623403627,0.11855441465638887,-0.38373425076159234,-1.5011582911475938
50,1.5464694914785206,1.8773652762495965,0.14949872713295326,0.0942828853969732,0.4354970112951772,0.7270840592795728,0.0171125290344744,0.2251524511328282,0.4277973945923133,0.19002152698013827,0.5238111461605179,0.4869752110737278,0.018654753587264535,0.0198782914098465,2.438273367255561,1.9697714394107837,0.5926011597487248,0.03216810124748536,1.351338146729781,1.7388814467995222,0.03337772380103094,0.1363448511695928,0.1951171620211145,0.7098199839120354,1.9560445514490337,0.8293465442914966,0.017899332216638218,0.1349965306751102,Rational,-0.23777586761217503,0.5147028218909209,0.29158704798439555,0.38754330006974125,0.20803992209835379,0.10296712736856187,0.33089578477107584,-0.4685019278447775,-0.055215841735980056,-0.5604330585012395,0.0012235378225819646,0.11709719845847197,-0.03683593508679012,-1.126698007157537
51,1.5218670144348665,1.7322031451517306,0.11097216618061947,0.20084337775779573,0.2688472307927974,0.6238436432594942,0.08123406097927362,0.05201163607356079,0.3104575399053415,0.4110430719283514,0.33412006291194585,0.8259558687611069,0.013115518459156612,0.20678120205645786,2.3168432249183573,2.047921880372996,0.5685697160534133,0.13174429900550094,1.254683128809301,1.734056985349472,0.04697835880577395,0.08863014191080464,0.42408152614509953,1.0771478206491787,1.952637028251918,0.9991018749268444,0.0555151441247961,0.3774499750342224,Rational,0.1005855320230099,0.6530662945040792,0.3549964124666968,0.47937385654017106,-0.029222424905712828,0.04165178310503068,0.21033613071686408,-0.2689213445453613,0.08987121157717626,-0.4368254170479124,0.19366568359730124,0.3219348309094263,0.4918358058491611,-0.9535351533250737
52,1.8405300633041615,1.8738506140747704,0.17643823580514703,0.2410131747553124,0.35483110260060413,0.5782319772657846,0.1171486497568055,0.295075796277469,0.43441478380622245,0.31618852213435805,0.7356302708203581,0.8709049129321605,0.05560857967498076,0.012918355841060412,2.4154466186453827,2.130721761113422,0.5565818265790131,0.059040072097266555,1.1644214099884935,1.9446962118363271,0.09927632600623233,0.2748641381108711,0.5067302448556593,0.7525861684968249,1.7509302330510657,0.8758813717726297,0.11251723968740979,0.16322264007191956,Rational,-0.1182262616718644,0.2458559236411656,0.22340087466518044,0.7802748018478336,0.1779271465206635,0.1755878121046388,0.033320550770608914,-0.28472485753196075,0.06457493895016536,-0.49754175448174653,-0.04269022383392035,0.05070540038450977,0.1352746421118024,-0.875048861278436
53,1.610052804563715,1.9063293405196655,0.2124315932819938,0.2388401469921887,0.2924015896854474,0.5206436365119321,0.030717819610256675,0.3476330942166153,0.2812398365023549,0.2725499894404617,0.23162529110966767,0.5431491565867004,0.04851376386490098,0.10245296888647792,2.411196028827071,2.1102733348471996,0.46099146536663677,0.223761992966062,1.1041486327542456,1.7823923763592677,0.0015083696787271167,0.1774467811989148,0.49746899406201633,0.8858797160988114,1.8380591953040142,1.103872871944975,0.0026423518433361503,0.13193387991301375,Rational,-0.008689847061893186,0.3884107220367951,0.22824204682648475,0.6782437436050222,0.31691527460635865,0.1759384115201877,0.2962765359559505,-0.30092269397987126,0.026408553710194904,-0.23722947240057476,0.053939205021576946,0.1292915280696776,0.3115238654770327,-0.7341863233590391
54,1.5624248309175892,1.9288292958599191,0.1320080607061749,0.019878004988681575,0.4420702603071567,0.8120772930689077,0.3225485647267971,0.2942745170644236,0.3958616324013137,0.16867060889786897,0.18761711635114625,0.9071687470286183,0.10853689130444924,0.05204554856768983,2.254602008364536,2.2872463382130643,0.3700590240221777,0.00231990343859095,1.262314871016837,2.0265455177948466,0.028349800992375725,0.7298792713866861,0.3978947745036046,0.6326550996368022,1.5827045270125817,0.9350452111134806,0.0577279103263515,0.0313682123272723,Rational,-0.22719102350344475,0.2347603251331976,0.37000703276175106,0.7642306467780096,-0.028274047662373514,0.7015294703943104,0.3664044649423299,0.032644329848528386,-0.11213005571749333,-0.36773912058358676,-0.05649134273675941,-0.026359697999079203,0.7195516306774721,-0.6476593158991011
55,1.6808995884995641,1.8421297501034737,0.13981772778772986,0.07199433460311082,0.3612776802390271,0.6786759353604095,0.08070396620703338,0.13699786959419483,0.16465782254817324,0.25036636240554117,0.5286190229735966,0.4140604396376829,0.09612140268772956,0.03431710043377489,2.377508517498827,1.963052640165065,0.45852600930183757,0.048784258484387645,1.0151382482593434,1.4333907198032978,0.034637731205587906,0.3154847483539372,0.34178442383317603,0.6023994921813628,1.8497730971694049,0.3955005021662904,0.07721707092378337,0.07936665495201212,Rational,0.08570853985736793,0.26061506834818676,0.31739825512138237,0.4182524715439544,0.05629390338716145,0.2808470171483493,0.16123016160390957,-0.4144558773337621,-0.06782339318461904,-0.4097417508174499,-0.061804302253954675,0.0021495840282287487,-0.11455858333591373,-1.4542725950031143
56,1.6348467851363415,1.8546221014662365,0.1757265689284236,0.3507601521179036,0.41559019056145324,0.44474547965198885,0.14243823167180325,0.2923424341171475,0.4791380073100345,0.36079492348101205,0.5795183529802197,0.42497476293447006,0.045539967846376116,0.08142066218066088,2.4450856688400635,2.033694975123547,0.46237987926893986,0.278143949245498,1.6897180437682364,1.5887858250437685,0.012963237642167757,0.2020688912167698,0.41007524117018657,0.9272715478373144,1.98730785762179,1.2106288153153908,0.042096980513100665,0.17667083692198055,Rational,-0.11834308382902242,0.5171963066671278,0.029155289090535608,-0.10093221872446789,0.14990420244534425,0.18910565357460205,0.219775316329895,-0.4113906937165166,0.17503358318948004,-0.18423593002344185,0.035880694334284764,0.13457385640887987,-0.15454359004574963,-0.7766790423063992
61,1.9647478559841476,1.6767536584610703,0.14949261366538547,0.15906776022345887,0.5723704217457192,0.6193023463428304,0.18759796710122148,0.03192061459275584,0.3688140840600852,0.23263925085826886,0.6351418734590034,0.5845439560189643,0.018781252065943378,0.11056969833430812,2.3240115821975156,1.9174959295728633,0.5247063143504569,0.16118643207559594,1.2114201123945514,1.0145988778958484,0.014950912372814231,0.14225827334949906,0.3897009166962769,1.5065010236515486,1.8062222722858472,0.9259391605743506,0.015191217002630566,0.8494765402406609,Divergent,-0.13617483320181634,1.1168001069552718,0.04693192459711126,-0.19682123449870303,-0.15567735250846565,0.12730736097668482,-0.2879941975230773,-0.4065156526246523,0.0095751465580734,-0.363519882274861,0.09178844626836474,0.8342853232380303,-0.050597917440039164,-0.8802831117114966
64,1.5518247657491138,1.5889387370512185,0.09822434994251493,0.13927561434628166,0.4141017060188932,0.7289744747505544,0.19373438655492978,0.12365655936668414,0.1949905595087444,0.05595103665566785,0.33547919257636055,0.26906245854908706,0.05041121942438877,0.03723465467636686,2.3420301940155848,1.9335254972215545,0.45646357650410124,0.193747437106301,1.286311952095748,1.0679978962366257,0.06015347032083946,0.08268119963292454,0.45044673298536075,1.385406632526697,1.6541268878577173,0.9181555726770252,0.04302282014098634,0.5593207550179987,Divergent,-0.13903952285307652,0.9349598995413362,0.31487276873166126,-0.21831405585912234,-0.07007782718824564,0.022527729312085083,0.0371139713021047,-0.40850469679403023,0.04105126440376673,-0.26271613939780025,-0.01317656474802191,0.5162979348770124,-0.0664167340272735,-0.7359713151806921
67,1.8755771949782722,1.934548778269181,0.35262566592993855,0.21210182790552454,0.4436380034927046,0.6224221915908933,0.031753306861422116,0.03553913213091023,0.2616756621255642,0.44102129879921576,0.8739232138332796,1.0611742867861806,0.025223304608872288,0.3020940907505883,2.405495499173813,1.786634828130529,0.6030067706405517,0.16641580103057627,1.0144388778548155,0.8641953197251876,0.03897827311672038,0.028265986461344688,0.48450281641073734,1.4325395417717406,1.6254755371369598,1.0056530301166529,0.0829542851465404,0.783623898878865,Divergent,0.17934563667365155,0.9480367253610033,0.1787841880981887,-0.15024355812962786,0.003785825269488112,-0.01071228665537569,0.05897158329090879,-0.618860671043284,-0.140523838024414,-0.43659096960997545,0.276870786141716,0.7006696137323246,0.187251072952901,-0.619822507020307
68,1.917218463149012,1.8177186095442575,0.2075811399984008,0.1714050484446002,0.451363598681486,0.4734862777178982,0.07296643572525294,0.15975136671695622,0.312286716400746,0.10122739940176025,0.6557916065917295,0.6556189814027078,0.021651317442379758,0.1040471088835678,2.4092949421987075,1.970065489329879,0.661161324818325,0.10252776379292569,1.2274813532646345,1.10445573401106,0.04153560843214878,0.06884599163157087,0.38450737160773574,1.6768837595665975,2.0110800658003405,1.018957927303799,0.05100644481854533,0.9420582311860064,Divergent,-0.21105931699898578,1.292376387958862,0.022122679036412185,-0.12302561925357458,0.08678493099170329,0.027310383199422097,-0.09949985360475444,-0.43922945286882853,-0.03617609155380061,-0.5586335610253993,0.08239579144118804,0.8910517863674611,-0.00017262518902172452,-0.9921221384965415
69,1.7801450347379846,1.8723632694779073,0.11739297086769591,0.31029491412133475,0.5385139260675533,0.5260761141146948,0.03325143720392149,0.07370316321556308,0.3894780278950037,0.49766582758503475,0.7781772258319793,0.9277722116337459,0.10958488656924895,0.13072962614754927,2.313922195457918,1.9343858782202001,0.5294036042562319,0.14523493761915754,1.326162199154641,1.147767134219064,0.03845654019244229,0.01979829111648351,0.5344480629077687,1.7703504336373954,1.5352419569763414,1.1507341564102653,0.05862858625398108,0.9050736867175851,Divergent,0.10818779969003106,1.2359023707296268,-0.012437811952858535,-0.178395064935577,0.04045172601164159,-0.01865824907595878,0.09221823473992274,-0.37953631723771797,0.19290194325363885,-0.3841686666370744,0.02114473957830032,0.8464451004636041,0.14959498580176656,-0.38450780056607603
70,1.7116921028147272,1.8928003592363847,0.229552818161212,0.30640930878154005,0.39116729221375357,0.6295306931739686,0.027074984660268538,0.024688206364403734,0.2768078725262188,0.708610327423528,0.8973763004279309,0.8280430381464389,0.05733083464691278,0.3159132802102619,2.400843039280231,1.8776555639833081,0.5298364358102826,0.14812441408070215,0.9231909253192303,1.0236073639927763,0.056535257010996945,0.0062882912422387,0.3766007191945317,1.8363693226626288,1.7141807193078982,1.237688188465931,0.06789170773939138,1.1681078346258273,Divergent,0.43180245489730923,1.459768603468097,0.23836340096021502,0.100416438673546,-0.002386778295864804,-0.05024696576875824,0.1811082564216575,-0.523187475296923,0.07685649062032804,-0.38171202172958046,0.2585824455633491,1.1002161268864359,-0.06933326228149206,-0.4764925308419672
71,1.583633534282558,1.866187388140047,0.22673251411838174,0.21261100660132193,0.38065426699583294,0.7282638816760189,0.038435365383230655,0.12750654443827253,0.4593442640587239,0.8682174951865441,0.7465325009559395,0.8923796271311522,0.10611074323666009,0.4057665558712518,2.370520087256817,1.92173017715106,0.5579105376910479,0.08525885061313922,1.3684160849673894,1.1275337470252864,0.14938441531033592,0.0449544660732882,0.5574434113894359,1.66321459450923,1.9647527426719462,1.0552466166084473,0.06831600622816847,0.8270485696370005,Divergent,0.4088732311278202,1.1057711831197943,0.3476096146801859,-0.240882337942103,0.08907117905504187,-0.10442994923704771,0.282553853857489,-0.44878991010575686,-0.014121507517059817,-0.4726516870779087,0.29965581263459173,0.758732563408832,0.14584712617521267,-0.9095061260634989
72,1.7067807209851518,1.8638650022964662,0.2285384566430115,0.2876556972978704,0.5079810588311392,0.5566859350769797,0.11405951458561313,0.08080320940742539,0.32491094353142214,0.33740942970632715,0.6242749473246779,1.0549622190491872,0.06454401937060189,0.13645700709630043,2.358372706775959,1.9918228365867214,0.653425893515705,0.12086528352362476,1.3492761488815253,1.0322896766900467,0.023802276253439156,0.02009994140330123,0.3675517655289317,1.8653332463145103,1.8854498151098198,1.3595009429725076,0.022203268202635337,0.9680606293622238,Divergent,0.01249848617490501,1.4977814807855785,0.04870487624584052,-0.3169864721914786,-0.03325630517818774,-0.003702334850137927,0.15708428131131447,-0.36654987018923735,0.05911724065485888,-0.5325606099920802,0.07191298772569854,0.9458573611595885,0.43068727172450927,-0.5259488721373122
73,1.66167823520062,1.8294582114450826,0.1552387461995889,0.1560460479961114,0.37106542326932984,0.5704526375902949,0.10697995558737973,0.0099605567253903,0.36102292305434525,0.4997739603214027,0.6219646319818286,0.8958198220028266,0.05751251667679751,0.14477807260946038,2.3714482013619884,1.8869878975380387,0.49925769784237856,0.12132512400451934,1.509237813552934,0.963954767838111,0.07985894851945664,0.06833279743962156,0.5072446059257166,1.6182593726343726,1.8954113980236926,1.2320721356310473,0.03136624566952078,1.0253066704553253,Divergent,0.13875103726705745,1.111014766708656,0.199387214320965,-0.5452830457148231,-0.09701939886198943,-0.011526151079835081,0.1677799762444625,-0.48446030382394967,0.0008073017965224971,-0.3779325738378592,0.08726555593266287,0.9939404247858046,0.273855190020998,-0.6633392623926453
74,1.771344777858362,1.8593897872109963,0.1884433373849899,0.13041389002790252,0.6064304608300023,0.7350971104688294,0.2076555195969092,0.05253597775310966,0.25105999694674463,0.6064462357536491,0.8975194990196732,1.0955356194528425,0.021603566104094023,0.0544114449375582,2.2243566129463748,1.8498992954123148,0.5044971852394368,0.11135417610989663,1.523088008069162,1.368743236984562,0.039237265994518,0.03818762955636126,0.40286466896668305,0.9119014373645702,1.7424630768236178,1.1554414819159526,0.1732905365599721,0.15395860382769325,Convergent,0.35538623880690445,0.5090367683978871,0.12866664963882712,-0.15434477108459999,-0.15511954184379953,-0.0010496364381567397,0.08804500935263437,-0.37445731753406,-0.05802944735708737,-0.39314300912954014,0.03280787883346418,-0.019331932732278845,0.1980161204331693,-0.5870215949076651
76,1.7593930027912656,1.7116288034183338,0.057540226604079335,0.1050667727648406,0.5912577865546538,0.3623549220041652,0.00969859049845038,0.06121630542515847,0.1103804117031423,0.35882004286007657,0.3377241746469708,0.3895911628295999,0.01532865700702912,0.01998582952221601,2.078429473339753,2.3979851621544377,0.4321867469696329,0.21517230610697985,1.7368512726828087,1.858859494708217,0.04549224882526782,0.0035380479454019996,0.3937119842343802,0.8193526268440541,1.4892692610042397,1.1491551989631124,0.09492581605342507,0.08665060773087704,Convergent,0.24843963115693427,0.4256406426096739,-0.22890286455048858,0.1220082220254084,0.05151771492670809,-0.041954200879865816,-0.04776419937293186,0.31955568881468466,0.04752654616076126,-0.21701444086265304,0.004657172515186891,-0.008275208322548022,0.05186698818262908,-0.3401140620411274
77,1.7191825591520986,1.7113456545972943,0.24821236512707268,0.15081539469666214,0.6364763021434535,0.5672744151624395,0.08800794806943531,0.10528852303650077,0.29829288595227665,0.31505986597804386,0.8025234443630606,0.8008838408070394,0.09183104912679484,0.009075243797713023,2.1885224500890783,1.9526721297875322,0.47254397965776596,0.16991897531782682,1.368330129454165,1.20261333021453,0.15042572893864825,0.0665705807737929,0.4060550987616529,0.4085235584708496,1.3751492190511532,0.7623681780590076,0.06592789640564505,0.028694744649798813,Convergent,0.01676698002576721,0.00246845970919668,-0.06920188698101404,-0.1657167992396349,0.017280574967065462,-0.08385514816485536,-0.007836904554804347,-0.23585032030154607,-0.09739697043041054,-0.3026250043399391,-0.08275580532908182,-0.03723315175584623,-0.0016396035560211075,-0.6127810409921456
78,1.5684537741892655,1.601746529922559,0.1004063346132138,0.16646828707273087,0.33420919828929163,0.3534341310785226,0.057719274720278206,0.21461823362396332,0.1930257319532882,0.22624583561778466,0.4376272946023789,0.4120888118428455,0.07894984303408764,0.027777509718869508,2.189601431215153,1.9399311710503186,0.5278987830428027,0.036820420754726337,1.2691675686214126,1.5994779344628491,0.05157069947784266,0.031819080988944946,0.36091554958984234,0.8716304130053832,1.5301947687085236,1.3011382468320027,0.04492508380884355,0.16849768915323055,Convergent,0.03322010366449646,0.510714863415541,0.019224932789230986,0.3303103658414366,0.1568989589036851,-0.019751618488897713,0.0332927557332936,-0.2496702601648344,0.06606195245951707,-0.49107836228807633,-0.05117233331521813,0.123572605344387,-0.02553848275953341,-0.2290565218765208
79,1.9390905636321432,2.079726810094361,0.03513847524851645,0.32417340888621415,0.6635691890841632,0.5960291597655991,0.18388772199710288,0.013545233083611675,0.12066832006150767,0.28399789970348743,0.7258287831041006,1.0389129407764492,0.04149643206932135,0.08072790229078848,2.148336692668431,2.1203824854305835,0.4463871174887802,0.20906043276499092,1.3185622212255566,1.363414121228679,0.19678583974632358,0.004757049237217913,0.3421111078954701,0.850063976908158,1.0962479521008819,1.1942131035590897,0.029588283198164898,0.31052512656608505,Convergent,0.16332957964197975,0.507952869012688,-0.06754002931856407,0.04485190000312245,-0.1703424889134912,-0.19202879050910565,0.14063624646221773,-0.027954207237847584,0.2890349336376977,-0.23732668472378926,0.039231470221467134,0.28093684336792013,0.31308415767234865,0.09796515145820783
80,1.7910324419326404,1.868144554241952,0.2317892695649464,0.339257596594186,0.4471375285324346,0.32845373046216625,0.08384196042451317,0.0771132935609366,0.2661538259206323,0.17487503282409456,0.615079661389902,0.2558102700114116,0.0034031824108913876,0.011019220904187934,2.2222568338535664,1.972857978036777,0.4077103781616076,0.06724827919727305,1.521059510837337,1.0553870677649135,0.08833962707810049,0.04169839003838018,0.3394163141077383,0.44446052981570533,1.793738418618668,0.6781019898417023,0.08350320498030464,0.060846390519108624,Convergent,-0.09127879309653775,0.10504421570796701,-0.11868379807026835,-0.4656724430724235,-0.006728666863576566,-0.046641237039720305,0.07711211230931148,-0.24939885581678944,0.10746832702923959,-0.34046209896433455,0.007616038493296546,-0.022656814461196016,-0.3592693913784904,-1.1156364287769658
81,1.9343530388680823,1.7510735010437322,0.14421554148100588,0.0636589473418651,0.5912707603112005,0.6522923227484033,0.19253738947356655,0.000253177770531225,0.3437809809552642,0.44074652692305505,0.8298472073642386,0.6173258693514636,0.018823629681141655,0.003170406885776575,2.2059661092982314,1.9965039116790848,0.6111212949798744,0.18875025807255125,1.558243805688485,1.4076123361549016,0.09482637693481276,0.003430614087282775,0.22645486323766134,0.7306679064319994,1.3908388303108317,0.9858246279612659,0.04613090345660226,0.29237826299337205,Convergent,0.09696554596779083,0.5042130431943381,0.0610215624372028,-0.15063146953358353,-0.19228421170303533,-0.09139576284752998,-0.18327953782435014,-0.20946219761914664,-0.08055659413914078,-0.4223710369073232,-0.01565322279536508,0.2462473595367698,-0.21252133801277495,-0.40501420234956576
82,1.715266219939411,1.8584007479081652,0.10983254313788006,0.28784480705955695,0.42560173467755036,0.481718087464646,0.022709496183758716,0.008792749882045526,0.260293521446655,0.6213201244330933,0.5501912343319652,1.012824732044559,0.02759926368143387,0.1069104590890557,2.371738479864656,1.9756570075109876,0.593311549816191,0.2910347164185796,1.1498723294456676,1.075865246705048,0.10756137462453307,0.0018645911289766376,0.22086526114402846,1.810344088480324,1.6506784168859983,1.287742201815036,0.02395890614840056,1.0888355496325388,Divergent,0.36102660298643824,1.5894788273362954,0.05611635278709565,-0.07400708274061962,-0.01391674630171319,-0.10569678349555643,0.14313452796875414,-0.39608147235366853,0.1780122639216769,-0.30227683339761147,0.07931119540762184,1.0648766434841384,0.46263349771259377,-0.3629362150709623
83,1.638344657890896,1.767691047421199,0.20444133815318372,0.23235239771222443,0.3205456917762582,0.3458265674470335,0.05845633713918773,0.1790258996536162,0.25227746684448793,0.34249650808632554,0.788263468516026,0.7090712874310295,0.05555484769193511,0.1581316788405956,2.3835685521644576,1.9927918467081178,0.4732081320485382,0.14731002016623612,1.3050157270455036,1.1430849680202027,0.011260699767210884,0.1265079802823475,0.21707911730401716,1.683155108815549,2.2241607768553644,1.134446372401157,0.005956945761648856,0.825976610357144,Divergent,0.0902190412418376,1.4660759915115318,0.025280875670775305,-0.16193075902530096,0.12056956251442848,0.11524728051513661,0.12934638953030309,-0.3907767054563398,0.02791105955904072,-0.32589811188230206,0.10257683114866048,0.8200196645954951,-0.07919218108499648,-1.0897144044542073
84,1.5858261456624974,1.680537994411757,0.1622580246991187,0.1923148360967363,0.3770495740447983,0.43969763606705076,0.004163412336675366,0.26320019714304577,0.3231835369633955,0.20088391178014392,0.4637534650861692,0.3823397010614232,0.06927464873414388,0.07877117252796582,2.1592812927529033,1.9365019491362,0.5134860639436573,0.22164358061473663,0.7912073113642185,0.9376678916978163,0.001916783011418517,0.009810597042829628,0.46549862486601623,1.4682482520735332,1.699242994455245,1.0019949829988746,0.07353063251119879,0.804050148903837,Divergent,-0.1222996251832516,1.002749627207517,0.06264806202225248,0.14646058033359777,0.2590367848063704,0.00789381403141111,0.09471184874925975,-0.22277934361670315,0.030056811397617594,-0.2918424833289206,0.009496523793821945,0.7305195163926381,-0.08141376402474604,-0.6972480114563704
85,1.7258625011028812,1.8183327068227164,0.11130451353556028,0.23831272324589764,0.5121270493193769,0.6615925456582442,0.03322842523902119,0.10309454608870902,0.321569353777003,0.2157144902237257,0.5986109558929624,0.6902863523714203,0.03009575244579579,0.10440784219466898,2.361919130660189,2.032118545474926,0.5419738305099194,0.09766448267725547,1.500157110001404,1.1674199233466431,0.06838916288307835,0.043493943471757925,0.7753199424737897,1.5374229915645505,1.8925871769184546,1.050363143541554,0.04549833719557115,1.0481801690954253,Divergent,-0.1058548635532773,0.7621030490907609,0.1494654963388673,-0.3327371866547608,0.06986612084968782,-0.024895219411320425,0.09247020571983522,-0.329800585185263,0.12700820971033736,-0.44430934783266396,0.07431208974887318,1.0026818318998543,0.0916753964784579,-0.8422240333769007
86,1.7909291234221638,1.9872103531668714,0.11538695717930109,0.22314139699674085,0.348019435017535,0.6306755787887484,0.025682887560877745,0.23930242847334884,0.36082795675951923,0.46669178328695626,0.921101618960559,0.8967058742542934,0.16334038578467927,0.10396590206967764,2.3790017568019635,2.039105564728115,0.5429959453320993,0.21773463397037435,1.2557992677955043,1.0946832543834764,0.06151085065416647,0.08344760075126433,0.4942175278519155,1.9088885686009287,1.8719312942512947,1.465700747943073,0.029393999297023347,0.9269437034276068,Divergent,0.10586382652743703,1.4146710407490133,0.28265614377121334,-0.16111601341202797,0.2136195409124711,0.021936750097097855,0.19628122974470763,-0.33989619207384836,0.10775443981743976,-0.3252613113617249,-0.05937448371500163,0.8975497041305834,-0.0243957447062656,-0.40623054630822164
87,1.8532223260563225,1.779461044617621,0.3306715546904795,0.07914909606071725,0.47740225983478196,0.5829724123312481,0.1607967698520874,0.11614021995126479,0.43207434413272416,0.8513890186926231,0.9141296986837574,1.25228104782715,0.07388335707180334,0.39567846007026075,2.346859923571737,1.8834780709171302,0.5576790490335396,0.10426537423719062,1.1521015098081657,0.9244224909182152,0.00201996563375479,0.058753813098879386,0.5776508549702769,1.7420659588203353,1.9368001284282959,1.0832848143912448,0.13030956119051196,1.0134905878559546,Divergent,0.4193146745598989,1.1644151038500583,0.10557015249646612,-0.22767901888995057,-0.044656549900822615,0.056733847465124596,-0.07376128143870164,-0.46338185265460696,-0.25152245862976225,-0.453413674796349,0.3217951029984574,0.8831810266654426,0.3381513491433926,-0.853515314037051
88,1.6795462446087557,1.8216315835735117,0.15325612548302545,0.11363009372321946,0.4850183049845713,0.6499428693932084,0.1029144964119653,0.183033081282616,0.1801496202598517,0.485113299715694,0.6569213575394443,0.5720904219337726,0.007308381344081238,0.37318136213833597,2.24381632599701,1.8880510469123775,0.5288633057881162,0.059769018409486216,1.2695508823725228,1.0703213671887828,0.043613879271877536,0.08793763773456176,0.3648809009389296,1.865995237563821,1.672044395837356,0.8971358969540237,0.14354967476146932,1.2634876351615953,Divergent,0.3049636794558423,1.5011143366248914,0.16492456440863712,-0.19922951518374,0.0801185848706507,0.04432375846268422,0.14208533896475606,-0.3557652790846326,-0.03962603175980599,-0.46909428737863,0.36587298079425473,1.119937960400126,-0.08483093560567168,-0.7749084988833324
89,1.8015563815735927,1.9049365911883078,0.16505242437101245,0.2333680241839225,0.4713186726428941,0.7971479712898368,0.06458842016297407,0.11933567373133329,0.3272222703313331,0.36826115409177834,0.635366330932609,0.9072367917849998,0.09755960360988669,0.18437156408138777,2.4924977979833107,1.9531898768743214,0.7113213280082504,0.14439560692791745,1.3538241995798816,1.1271641237253944,0.06509171512205113,0.1589060553483686,0.4305736655719913,1.7215010015086591,1.8876471289695258,1.214969529463716,0.0456224646200305,1.1218277925545184,Divergent,0.04103888376044523,1.2909273359366678,0.3258292986469427,-0.22666007585448722,0.054747253568359217,0.09381434022631747,0.10338020961471517,-0.5393079211089893,0.06831559981291005,-0.566925721080333,0.08681196047150108,1.0762053279344879,0.27187046085239086,-0.6726775995058099
90,1.7703866438129467,1.8793284632731313,0.11067090135282495,0.14082018941912247,0.6632769467139406,0.4796264578932816,0.12093912438890071,0.06348151582976547,0.21798435458916687,0.2543421094366293,0.6933578937376268,0.8705410238769713,0.01427768612732922,0.04833992269988439,2.5422173915387174,1.9402244764994951,0.5529064061496388,0.17995836052313785,1.6317139147790307,0.9977049985527615,0.00175181174417003,0.0033046196736904124,0.23129762645861135,1.7925335681949106,2.0170365805527624,1.3958573738135984,0.06599888009978598,1.0612038667077697,Divergent,0.03635775484746245,1.5612359417362993,-0.18365048882065893,-0.6340089162262692,-0.057457608559135245,0.0015528079295203823,0.10894181946018455,-0.6019929150392223,0.03014928806629752,-0.37294804562650097,0.034062236572555166,0.9952049866079837,0.1771831301393445,-0.6211792067391639
91,1.4846182473874954,1.8092220245161792,0.15791982366657362,0.10864599372644862,0.49688051839958225,0.5494105559322986,0.14573109173930396,0.05391874338497059,0.17069986908443607,0.4487732265483246,0.48258461583985335,0.8256831943210973,0.011118646819513639,0.0930390553624201,2.5212932679530273,2.0448538625898736,0.5809868847765782,0.12286244275641173,1.4923740969668888,1.1300816554574356,0.03716158801868209,0.06287680718908106,0.2550366319791665,1.8053959938168762,2.022384416452237,1.2500410164271587,0.050127111943179425,0.8670905534234659,Divergent,0.2780733574638885,1.5503593618377098,0.052530037532716345,-0.3622924415094533,-0.09181234835433337,0.02571521917039897,0.3246037771286838,-0.47643940536315377,-0.049273829940125,-0.4581244420201665,0.08192040854290647,0.8169634414802864,0.3430985784812439,-0.7723434000250782
92,1.4749484100463188,1.7876440901232757,0.16938330555023715,0.12302830433537122,0.44683178164120146,0.6514042570826358,0.13596459678811673,0.1822448106251617,0.15376456593484195,0.39450438466873733,0.40730752909124707,0.7834055295741267,0.061482233717963845,0.19958598266632482,2.234765479155347,1.9400198243949787,0.4763257051495218,0.18280686808984908,1.3122378138876358,1.076233567760575,0.0462076846320734,0.24488970729687182,0.5222083145316047,1.743152617595643,1.5141045253279428,1.0724071624852738,0.021827712706484342,1.0714522917769735,Divergent,0.24073981873389538,1.2209443030640386,0.20457247544143436,-0.23600424612706083,0.046280213837044976,0.19868202266479842,0.3126956800769569,-0.2947456547603682,-0.046355001214865924,-0.29351883705967274,0.13810374894836097,1.0496245790704892,0.3760980004828796,-0.44169736284266903
93,1.5700626408503289,1.8536689903275452,0.13531352757369516,0.21860368397037833,0.36201418158452925,0.3845969451206959,0.14713357745246364,0.11294655852552976,0.13389995744430655,0.1928614664181952,0.5433080130851127,0.47598685963661996,0.01701930033152121,0.025604609627263634,2.267535147840785,2.2449158658906,0.5693226511981929,0.376452635373721,1.4420892880509686,1.7171916949257084,0.06499542049951607,0.08368126237423877,0.3927412886822864,0.7732667080818695,1.8149859748293502,1.2223700595250193,0.053843618579783634,0.2265172376695292,Convergent,0.05896150897388866,0.38052541939958306,0.022582763536166672,0.27510240687473986,-0.034187018926933876,0.018685841874722706,0.2836063494772163,-0.022619281950185144,0.08329015639668316,-0.19287001582447194,0.008585309295742423,0.17267361908974554,-0.06732115344849271,-0.5926159153043309
94,1.8804847420929782,1.8369377056435352,0.12086187458898356,0.17362197557142459,0.6198528047387477,0.3577426379711363,0.20265027011911826,0.010509536215810746,0.1672968651624108,0.19679838728659843,0.7345731176685713,0.5662815793280195,0.01839429791142151,0.029679188524268582,2.2611356728320864,2.120930302871152,0.5810928830222697,0.2192879068334385,1.3309178843656253,1.540329360577591,0.09021859413266661,0.007777110744926,0.3422837045895554,0.7565359060988093,1.8189452984906413,1.2973464017878296,0.0856744096375425,0.10571199928630631,Convergent,0.029501522124187635,0.41425220150925385,-0.2621101667676114,0.20941147621196565,-0.19214073390330752,-0.08244148338774061,-0.04354703644944302,-0.14020536996093425,0.05276010098244102,-0.36180497618883123,0.01128489061284707,0.020037589648763815,-0.16829153834055177,-0.5215988967028118
95,1.7788174025636667,1.828434479006704,0.09895164339807191,0.1147859626538337,0.7200167114701268,0.5609396301883018,0.27179532807587337,0.3120005554420119,0.17368542728136868,0.3797783202205928,0.6040344799841042,0.7581683074488844,0.0071396624866328405,0.08325008454744373,2.120741820494542,1.9851802369217257,0.44951910449595206,0.23411637682627617,1.374549363469674,1.3626333682643181,0.17786963576385068,0.20582744975109662,0.33902632576750213,0.7560663447905138,1.6290943282494148,1.1518207404676186,0.0175661722410269,0.08945062179384014,Convergent,0.20609289293922414,0.4170400190230117,-0.15907708128182496,-0.0119159952053558,0.04020522736613852,0.02795781398724595,0.049617076443037256,-0.1355615835728161,0.015834319255761786,-0.2154027276696759,0.0761104220608109,0.07188444955281324,0.15413382746478022,-0.4772735877817962
96,1.5930452086792424,1.8641221345672379,0.09802467450756182,0.14954297859350732,0.6282816780475616,0.3759672716517086,0.1044150635676148,0.019624463636760254,0.10115530824435402,0.16938253889096938,0.5927797240473339,0.4425542762976763,0.05937217125883433,0.02697949290565721,2.0938855626612125,2.0209663665024236,0.3847995539284185,0.2271157878430169,1.4660283646674228,1.3831141342956452,0.0012410636671804141,0.07403608031708324,0.41616580345159154,0.8475316776109512,1.4098755227453164,1.179518785063445,0.05852916612375157,0.16532811107212259,Convergent,0.06822723064661536,0.4313658741593596,-0.252314406395853,-0.08291423037177759,-0.08479059993085455,0.07279501664990283,0.2710769258879955,-0.07291919615878895,0.0515183040859455,-0.15768376608540163,-0.03239267835317712,0.10679894494837101,-0.15022544774965763,-0.23035673768187137
97,1.6609125558678042,1.732313539680221,0.014750403623565314,0.18184199260667133,0.40260549565806314,0.5173857482405229,0.11194075947619442,0.019895708534838366,0.1545315403821859,0.22794341427329876,0.3546103436691754,0.45085715502188933,0.0995190967078506,0.008859219727187517,2.2115981581289197,2.0190999058266668,0.3503665461525993,0.1839826723490169,1.4578885963694586,1.2968617528775954,0.009647087864052483,0.010615180209521867,0.16142863546075467,0.8809978610808553,1.321184547330321,0.8362197912345891,0.027134667906130647,0.15849271053517291,Convergent,0.07341187389111287,0.7195692256201006,0.11478025258245972,-0.16102684349186314,-0.09204505094135605,0.0009680923454693843,0.07140098381241677,-0.19249825230225293,0.16709158898310603,-0.1663838738035824,-0.09065987698066308,0.13135804262904227,0.09624681135271396,-0.48496475609573186
98,1.6046831860995254,1.6151078912986605,0.1669389918917743,0.17571688893854767,0.48066106315988694,0.38368065350530195,0.0008027405846515375,0.015021488603775746,0.1955082104388332,0.13174069948023964,0.7042453653201963,0.34580184083811194,0.044254586728493174,0.0025550579780307,2.16610248366193,2.172170922969656,0.5688710710281618,0.4005582500943939,1.3227960468271578,1.2474522344820893,0.009258883835141214,0.059485092476399555,0.6676063358202604,0.6659261928270166,1.8188995600856592,0.964184286726224,0.14530773268885824,0.05795707285562472,Convergent,-0.06376751095859357,-0.001680142993243816,-0.09698040965458499,-0.07534381234506848,0.014218748019124209,0.05022620864125834,0.010424705199135076,0.006068439307726159,0.00877789704677337,-0.16831282093376793,-0.041699528750462476,-0.08735065983323352,-0.3584435244820844,-0.8547152733594352
100,1.8352606238094455,1.8167995037912423,0.156431632308861,0.2534127006148628,0.4529442229801646,0.4180246053037446,0.06975989015130153,0.025698105147566243,0.17437203601223383,0.322411722457216,0.7461095135006711,0.6994863940533881,0.004133415075942671,0.02749967667555326,2.3842553252557694,1.9054345760408176,0.602427182442956,0.10485739200093804,1.168090765854357,1.5017916141211516,0.26668423795314744,0.06938366077626322,0.29836970443470834,0.9727315698892725,1.7239862676416438,1.1784370300858293,0.010017631270184957,0.10986831743776797,Convergent,0.14803968644498217,0.6743618654545641,-0.034919617676420045,0.3337008482667947,-0.04406178500373529,-0.1973005771768842,-0.018461120018203214,-0.4788207492149519,0.09698106830600181,-0.497569790442018,0.02336626159961059,0.09985068616758301,-0.046623119447283035,-0.5455492375558144
102,1.7686538286019493,1.6101504553111015,0.26680139228214333,0.2600854089430199,0.3685887664690998,0.4264056360294328,0.11886543330905068,0.10560092145814512,0.36060771083109017,0.24978909101889762,0.7563841161789284,0.5645847225387662,0.0048741401721706995,0.05546659621177495,2.588328212704563,1.9488305028221151,0.5311713911995735,0.1682273217923319,1.5162002512552555,1.3130172650181133,0.1426034636002296,0.06497219353950796,0.32145730259439914,0.752601280948917,2.143157806216121,1.0347150959662708,0.023863014662282064,0.18114340315615773,Convergent,-0.11081861981219254,0.43114397835451784,0.057816869560332995,-0.20318298623714215,-0.013264511850905561,-0.07763127006072164,-0.15850337329084785,-0.6394977098824479,-0.0067159833391234325,-0.36294406940724155,0.05059245603960425,0.15728038849387566,-0.19179939364016219,-1.1084427102498502
104,1.6744841968260695,1.695494595621845,0.24883959291530625,0.26669849755702896,0.3209756805476094,0.341459850471707,0.08891237797957204,0.12058329190304899,0.220210846246932,0.2688798819660738,0.41353127690185665,0.8128928665637237,0.05308712058598813,0.03265826867090617,2.3278969808667034,2.008507355925014,0.508328253312074,0.2194288644614862,1.6827396802759877,1.0132301582910064,0.0458889207516191,0.06922989533087509,0.48653574113461323,0.6175791100310288,1.2679189526886794,1.276582567886639,0.06623819627584628,0.09562178218034173,Convergent,0.04866903571914183,0.1310433688964156,0.02048416992409763,-0.6695095219849814,0.03167091392347696,0.02334097457925599,0.021010398795775487,-0.3193896249416892,0.01785890464172271,-0.28889938885058775,-0.02042885191508196,0.029383585904495454,0.3993615896618671,0.008663615197959551
105,1.6114819659066442,2.069600494555803,0.13395949783865999,0.3738594937255204,0.3364253706206115,0.6637303459834158,0.07972956483335314,0.09579289753787106,0.38884848952745893,0.29040063722069037,0.5117700242511523,0.6302139113727767,0.07085754383931046,0.07447776434464314,2.257944303058476,2.0550007794997796,0.4764467248702082,0.11404254252869749,1.4002519296246851,1.5488604053578163,0.05602228587588466,0.13260647323862176,0.43860317616189154,0.7478647155506924,1.439907543422872,1.0759327216205994,0.056482715221577856,0.14826605419073288,Convergent,-0.09844785230676856,0.3092615393888009,0.32730497536280434,0.14860847573313118,0.016063332704517916,0.0765841873627371,0.4581185286491587,-0.20294352355869627,0.23989999588686042,-0.3624041823415107,0.003620220505332672,0.09178333896915503,0.11844388712162446,-0.3639748218022727
106,1.8810419112174381,1.8648898813428052,0.3323700485076651,0.15868507741033053,0.4330543300958894,0.2805290638885267,0.07429712591830434,0.09062521754617474,0.312784731062631,0.3602243842458736,0.7314256049878032,0.9192490766802004,0.023788902007430376,0.036051475785815544,2.3571879563673566,1.975931984766981,0.5424162616514185,0.17575988271322818,0.920490574074356,1.5138537425353777,0.010366417467180018,0.12573427623258993,0.657860917847274,0.8197662593486404,1.3574581650828983,1.011055293253134,0.05273640703869232,0.13015868474992753,Convergent,0.047439653183242614,0.16190534150136648,-0.15252526620736268,0.5933631684610218,0.016328091627870397,0.1153678587654099,-0.016152029874632934,-0.3812559716003756,-0.17368497109733458,-0.36665637893819036,0.012262573778385168,0.07742227771123522,0.18782347169239721,-0.34640287182976426
107,1.7815796450506394,1.6314716012641886,0.1263801190439884,0.23020301412365227,0.44958343369995807,0.5706440729607839,0.16225143253813876,0.06367397593139489,0.35772865144730454,0.22292022699730799,0.28636684326505535,0.5673139554835833,0.015119359896251433,0.0504358004952138,2.4653054944738275,1.9681003577224547,0.5255351061567394,0.19401949692808299,0.9249381994135805,1.4526034466027293,0.007031536662062934,0.003075202992447911,0.23787566229230397,0.8763490284879024,1.6128730807529077,1.1821465301191647,0.00828713974513805,0.14088486221039537,Convergent,-0.13480842444999655,0.6384733661955985,0.12106063926082583,0.5276652471891489,-0.09857745660674387,-0.0039563336696150225,-0.15010804378645082,-0.4972051367513728,0.10382289507966386,-0.3315156092286564,0.03531644059896237,0.1325977224652573,0.280947112218528,-0.430726550633743
108,1.8268509884500992,1.8456180224061047,0.2069368112439216,0.3043922749004219,0.5299992089987621,0.5991570418935145,0.05212825531255117,0.10385234871955258,0.3021053922530553,0.34790886453454245,0.8166601016093199,1.0214866658128945,0.10106078308214844,0.03218937036969279,2.548720889328921,2.0741993577137867,0.6607443027411555,0.2493981684753172,1.7041829571020874,1.39414749154759,0.09409335642594897,0.08630798387376659,0.3076850656727763,0.5984534452957491,1.8219256407991686,1.1137200575862312,0.08460722742826264,0.1289954080863627,Convergent,0.04580347228148712,0.29076837962297275,0.06915783289475241,-0.31003546555449746,0.05172409340700141,-0.007785372552182382,0.01876703395600554,-0.47452153161513433,0.09745546365650032,-0.41134613426583827,-0.06887141271245564,0.04438818065810006,0.2048265642035746,-0.7082055832129375
109,1.5438003410360361,1.894422343687828,0.2515541948950214,0.27590984296177495,0.41775351469473077,0.483589174136652,0.11797201742845395,0.12620219040079514,0.14685063533601414,0.10567904241794578,0.508719491436411,0.7559972974355823,0.049821299506328076,0.05134288223996652,2.3796536305862523,2.0436915805188787,0.5781891518449552,0.1321559284800513,1.2237805967273168,1.7369595830262208,0.05479556479816775,0.03765617565791356,0.3966746761778603,0.7492484821302662,1.4013429565278512,1.113742869839799,0.04828836803276653,0.1459070521515192,Convergent,-0.041171592918068364,0.3525738059524059,0.06583565944192121,0.513178986298904,0.008230172972341188,-0.017139389140254195,0.3506220026517919,-0.3359620500673737,0.024355648066753555,-0.4460332233649039,0.0015215827336384422,0.09761868411875266,0.24727780599917126,-0.28760008668805215
110,1.6223954685444524,1.6594184289721812,0.15265214613837683,0.260144753091967,0.4588368658823245,0.46331883638991045,0.07101552150037556,0.0087831679979512,0.2181058462785935,0.33387194379646,0.2365457400595635,0.4872439476002026,0.011140311983704567,0.011337281276731875,2.3407409464367075,1.9938657382049358,0.4447039002386863,0.1328089389566817,1.429831184883465,1.431676744549572,0.07527622514352228,0.03602741304788855,0.2692468935646733,0.8258004631691409,1.7157108601735596,1.2475557547449732,0.10193138337662767,0.09521839727977062,Convergent,0.11576609751786651,0.5565535696044677,0.004481970507585975,0.0018455596661068885,-0.062232353502424356,-0.03924881209563373,0.03702296042772879,-0.34687520823177165,0.10749260695359017,-0.31189496128200456,0.00019696929302730724,-0.006712986096857054,0.2506982075406391,-0.4681551054285864
111,1.7114402617563156,1.6940674367166544,0.16751166124795466,0.23846906432918388,0.22497762899660323,0.3979380972394711,0.18145342302302753,0.12714400549447458,0.30324567725014606,0.19011745906840927,0.6323469965820769,0.5141260039516532,0.049862344235936225,0.074160229680799,2.179627901810074,1.9297798860045492,0.670366823456938,0.16349233994194712,1.3867334417704542,1.3557468560527834,0.020285764641332114,0.030552614764478632,0.39614924189996026,1.1429060558929816,1.6440587653212657,1.1630079993592413,0.10588976542781631,0.35798094295926547,Convergent,-0.1131282181817368,0.7467568139930213,0.17296046824286787,-0.030986585717670767,-0.05430941752855295,0.010266850123146518,-0.0173728250396612,-0.24984801580552496,0.07095740308122922,-0.5068744835149909,0.02429788544486277,0.25209117753144916,-0.11822099263042374,-0.48105076596202445
112,1.8701951699355857,1.8454915019056601,0.2815294842754402,0.1762521796010379,0.40441280500900467,0.36925643329218977,0.14111554408735794,0.07399566232359212,0.2681653974670269,0.33719618600148954,0.8587173314544625,0.9057733532264883,0.017834874171388997,0.1334846447751827,2.307132626024708,1.9153429423491144,0.5165796683137476,0.13332558675503053,1.0650380415067566,1.2693924249603563,0.09062936482175865,0.06281435323553956,0.3274657426246754,0.762266970605518,1.441097974780965,0.9506995307718057,0.06743198290261729,0.12836212672328953,Convergent,0.06903078853446265,0.43480122798084253,-0.035156371716814905,0.2043543834535997,-0.06711988176376582,-0.027815011586219088,-0.02470366802992552,-0.3917896836755934,-0.10527730467440233,-0.38325408155871704,0.11564977060379371,0.060930143820672245,0.047056021772025836,-0.4903984440091592
113,1.5160745749135707,1.9221873767989923,0.11042355765323138,0.23349656621673895,0.28178084752572485,0.38697517423426175,0.09719366663494237,0.3003326538848499,0.2349523454702959,0.12383175241804853,0.37951484595834317,0.45482890848269053,0.041335133738464785,0.013068341917704025,2.4856807637205263,2.0818660107563267,0.6137213990487417,0.08356546003410012,1.0932366709214274,1.3582784130488865,0.14552347204566074,0.09635644801049023,0.22144482630664664,0.7336714677019074,1.7534262264683422,0.8499198246376893,0.02180304781266792,0.22158297096243812,Convergent,-0.11112059305224736,0.5122266413952608,0.1051943267085369,0.2650417421274591,0.20313898724990753,-0.04916702403517051,0.40611280188542165,-0.40381475296419955,0.12307300856350757,-0.5301559390146415,-0.02826679182076076,0.1997799231497702,0.07531406252434736,-0.9035064018306529
114,1.908265458132821,1.800995029640853,0.27188336678283176,0.26497830429826463,0.41297404953517186,0.25748216157605935,0.0329470420459859,0.1137431319720279,0.30896297834908554,0.34189821908089973,0.8768959025128384,0.8390187790768266,0.0035629992128321454,0.01944160351415167,2.37964758450635,1.9896990392218126,0.6021170547958395,0.19312735493086755,1.1176505580906682,0.9529290170470089,0.017723440059694655,0.076376957478874,0.6355669673998393,0.8111347866144039,1.7842014382723947,0.8606747287910343,0.012736485852519271,0.3225524243525111,Convergent,0.0329352407318142,0.17556781921456455,-0.1554918879591125,-0.16472154104365921,0.08079608992604201,0.058653517419179346,-0.10727042849196788,-0.38994854528453726,-0.006905062484567126,-0.408989699864972,0.015878604301319526,0.3098159384999918,-0.037877123436011795,-0.9235267094813604
116,1.6973020238605563,1.9285202497915503,0.19919330923244397,0.2796924906190256,0.6362396282650319,0.6886326932394261,0.0019815801461546,0.0020840778597364202,0.4411446457345682,0.5622643233056819,0.8003333123840344,1.1771645515619389,0.02325943061503446,0.12715203986205975,2.494540689103648,2.0049520920779815,0.629500871069655,0.31847395654428123,1.357218543169839,1.6361687908854858,0.00307059197391695,0.0226172265885037,0.4542042942299959,0.8897179932593927,2.1147282001374763,1.3817181944124157,0.01052520120748493,0.1453259420126948,Convergent,0.12111967757111369,0.4355136990293968,0.05239306497439422,0.2789502477156469,0.00010249771358182037,0.01954663461458675,0.23121822593099406,-0.4895885970256666,0.08049918138658166,-0.3110269145253738,0.10389260924702529,0.13480074080520987,0.3768312391779045,-0.7330100057250606
117,1.7241871373575512,1.762330304385377,0.2651752105483172,0.12048933432636937,0.38819078259721207,0.4044020596233857,0.07517415277060227,0.08138402927299805,0.28054877005248435,0.1597665947166027,0.5895218425013324,0.5420521501619384,0.009677242452991789,0.07951517881509505,2.441258526475723,1.9063054328697582,0.46800954349565416,0.13106592198560665,1.6271345385000386,1.4675169600813913,0.11070478181290293,0.055996652922791566,0.3639198676803397,0.5286050071326951,2.0256481883864943,1.1179850580149773,0.040180106710250706,0.1703241294369013,Convergent,-0.12078217533588165,0.1646851394523554,0.016211277026173643,-0.15961757841864732,0.006209876502395781,-0.05470812889011136,0.03814316702782583,-0.5349530936059648,-0.14468587622194784,-0.33694362151004753,0.06983793636210327,0.1301440227266506,-0.04746969233939402,-0.907663130371517
118,1.553492328204987,1.8136217163173551,0.17933803315054506,0.07397876230794416,0.6120418692792272,0.6518804200345986,0.05620412013100686,0.00851054176524952,0.24200101256722054,0.3460093626658021,0.3615786565334943,0.9214502831829888,0.13589430150962697,0.15657580163599757,2.3247707212165065,2.0301138890491064,0.5157272513623579,0.08590241984569855,1.2446847561890313,1.1053270668898088,0.13507249499829257,0.07082680641172112,0.24075751095052736,1.7555695870858272,2.0701399734506842,0.7521754601825232,0.014484558510048286,1.1448499677250514,Divergent,0.10400835009858159,1.5148120761353,0.03983855075537135,-0.13935768929922254,-0.04769357836575734,-0.06424568858657145,0.2601293881123681,-0.29465683216740013,-0.1053592708426009,-0.4298248315166593,0.0206815001263706,1.130365409215003,0.5598716266494945,-1.317964513268161
119,1.9143285429308794,1.6656496607780729,0.259535939659629,0.3963768429616423,0.5332353276252689,0.8160922457617137,0.030353784170082228,0.3901665172591998,0.4875025136640611,0.32000445120391324,1.1203572184981536,0.7260064223518317,0.19666571578670555,0.21637783433645966,2.502059514354856,1.904969039188262,0.570424078005259,0.10495107898368901,1.6109755909265158,1.0071822806359876,0.030263254355650103,0.20410729134603584,0.35915741502217813,1.9060913367270031,2.013024069702199,0.9432876825314466,0.032970467838285125,1.5277485063075167,Divergent,-0.16749806246014787,1.546933921704825,0.28285691813644476,-0.6037933102905282,0.3598127330891176,0.17384403699038573,-0.24867888215280654,-0.597090475166594,0.13684090330201326,-0.46547299902156997,0.019712118549754104,1.4947780384692315,-0.39435079614632196,-1.0697363871707521
120,1.6876310105263472,1.7916228004372623,0.17608119753004317,0.21346082124451005,0.6040563920152702,0.563040700035578,0.04544524002010753,0.006705257262478884,0.2671650831405285,0.4292490730221387,0.7657579408286951,1.0136941023866946,0.016767510882148916,0.05961063895986391,2.3561339965586,1.8979627562290633,0.4676194748277736,0.06170949030772205,1.092851308655036,1.1047165018437186,0.04744718395892703,0.09719830822292137,0.3369417631608527,1.9837670268228222,1.6200174168101664,1.2893333468701462,0.012095272981181971,1.1832785761732698,Divergent,0.1620839898816102,1.6468252636619696,-0.041015691979692126,0.011865193188682621,-0.038739982757628647,0.04975112426399434,0.10399178991091507,-0.4581712403295366,0.037379623714466875,-0.40590998452005156,0.042843128077714995,1.1711833031920877,0.24793616155799947,-0.3306840699400202
121,1.857168396938247,1.8738971011352556,0.2356419479460213,0.2530712792848983,0.5973225489789453,0.6014780704693645,0.06715136073602875,0.20969340741770703,0.35600605861662327,0.23480929697299996,0.75638449548472,0.5101285282498058,0.1053915317075793,0.0863741764404008,2.3764243899916124,1.8643539967748075,0.536786910741752,0.11865553936024424,0.9452936788623653,1.1486556747026837,0.04410651421368126,0.07087040442444614,0.38596112115299464,1.3537639375382244,1.6288702098262353,0.7491275924127792,0.02692816319953813,0.5896312308767062,Divergent,-0.12119676164362331,0.9678028163852298,0.004155521490419201,0.20336199584031844,0.1425420466816783,0.026763890210764883,0.01672870419700856,-0.5120703932168049,0.017429331338877002,-0.41813137138150774,-0.0190173552671785,0.562703067677168,-0.24625596723491416,-0.8797426174134562
122,1.7485915550114424,1.560228770914133,0.14761585059786733,0.17299252162663284,0.39473620233543943,0.37221707637377277,0.06602056433882003,0.009279966031247108,0.19168066112728313,0.20874162576843616,0.40641925031686604,0.599965882913593,0.023631245051957583,0.04923428909232013,2.282512323982098,2.0464028028638506,0.31624214610395235,0.12297607476762594,1.3488389258461237,1.1769464471970108,0.11741304053837959,0.010259526791467691,0.4495173170828761,1.518418152957095,1.593631252219401,1.225903184797177,0.24065201300254013,0.8677988790732921,Divergent,0.01706096464115303,1.068900835874219,-0.022519125961666664,-0.17189247864911295,-0.05674059830757292,-0.1071535137469119,-0.18836278409730944,-0.23610952111824757,0.025376671028765507,-0.1932660713363264,0.02560304404036255,0.627146866070752,0.19354663259672694,-0.36772806742222386
124,1.6686966649901187,1.7086079447203488,0.1442982770971837,0.1020299855870612,0.5415610682963296,0.3785345039442153,0.00420286559527438,0.0962702065466597,0.43981647777483934,0.18933264391789514,0.5523012849135925,0.34626475004653023,0.0260488954014097,0.06811574603838616,2.2967924294756683,1.8414716945123952,0.5757921448551915,0.1823957800980321,1.3617703373170134,0.7139034159676552,0.03680485447879004,0.03830688030453606,0.32084476539424356,1.4178269201874354,1.557592382403147,1.0483992041184511,0.0097600872421067,0.6466024454278891,Divergent,-0.25048383385694417,1.0969821547931917,-0.16302656435211427,-0.6478669213493582,0.09206734095138532,0.0015020258257460173,0.03991127973023012,-0.4553207349632731,-0.04226829151012251,-0.3933963647571594,0.04206685063697646,0.6368423581857824,-0.2060365348670623,-0.5091931782846959
125,1.7676824644943232,1.957980423878063,0.2024954326073612,0.413556762238071,0.42092610035478595,1.0012817198643775,0.16003434877691633,0.0032039956503570333,0.26758028003116513,0.678301978633993,0.8475297809723834,1.5890144426929955,0.01949835030323871,0.3463127863710509,2.2343748443060436,1.9429957712956447,0.5291519986701979,0.09718346404951121,1.5891189890135817,0.9261030241129945,0.17345611444353204,0.011379314860447489,0.5152361610007965,2.1837328553969706,1.5445693030952201,1.41105839231595,0.1668789726770387,1.1388096318077578,Divergent,0.41072169860282787,1.668496694396174,0.5803556195095916,-0.6630159649005872,-0.1568303531265593,-0.16207679958308455,0.19029795938373972,-0.2913790730103989,0.21106132963070978,-0.4319685346206867,0.3268144360678122,0.9719306591307192,0.7414846617206121,-0.13351091077927002
126,1.677826209681276,1.8882691644343306,0.2582249451801875,0.2972803373521579,0.32945123857932934,0.4176083141927866,0.12808706452977467,0.09785250707082277,0.30929353406109816,0.30870279890532254,0.6628766008686433,0.9037004383754996,0.05594900231099053,0.08414905934461472,2.347766023958803,2.0086546070292317,0.5672011073109825,0.20776077735790677,1.4861629648018804,1.0012027013485931,0.038808779797227674,0.05936700749940811,0.4808370579780636,1.9588830744354278,1.728284143024151,1.6429311910069104,0.06301080778304281,0.966120751645236,Divergent,-0.0005907351557756235,1.478046016457364,0.08815707561345726,-0.48496026345328724,-0.0302345574589519,0.020558227702180437,0.21044295475305463,-0.33911141692957125,0.039055392171970404,-0.35944032995307573,0.028200057033624194,0.9031099438621932,0.24082383750685632,-0.08535295201724047
127,1.8093156951343394,1.7285770543312147,0.11689422826950485,0.11427300544760499,0.5693405342993187,0.8149645736160055,0.09361097526903321,0.13986251184961995,0.41222313228621177,0.7470566092367786,0.6099282399484145,0.6898650696950198,0.03432872744215066,0.3502891729443087,2.149261966301628,1.8421171921313315,0.4579977604671775,0.12846787438475032,1.523291980950541,1.026064084189487,0.011308274326168948,0.051903527891305,0.46193798473227965,1.9429304557452163,1.6914608672742302,1.3068488289027371,0.12233507004599742,1.3618905233940966,Divergent,0.33483347695056687,1.4809924710129367,0.24562403931668675,-0.49722789676105394,0.04625153658058674,0.040595253565136054,-0.08073864080312476,-0.3071447741702966,-0.00262122282189986,-0.32952988608242717,0.31596044550215807,1.2395554533480992,0.07993682974660532,-0.38461203837149305
128,1.6117479499451135,1.8555864658011827,0.13576093558388358,0.18014641392403347,0.3373980560839962,0.5272238068317393,0.1107666656837381,0.026595475837425712,0.3053522707161613,0.3791449988296337,0.572295799323544,0.7015131348953005,0.04424544252081158,0.04637763300363896,2.173207710199353,1.9501431573034063,0.6619728473279649,0.1555595459387113,1.244401349658648,0.8542913533591123,0.00141955315317665,0.03651644669292974,0.5527010258434907,2.0836174857426504,1.7621210025640743,1.1424282674920758,0.13815832834266323,1.2245859419509688,Divergent,0.07379272811347243,1.5309164598991596,0.1898257507477431,-0.3901099962995356,-0.08417118984631239,0.03509689353975309,0.2438385158560692,-0.22306455289594695,0.044385478340149886,-0.5064133013892536,0.0021321904828273813,1.0864276136083055,0.12921733557175652,-0.6196927350719985
129,1.617226517518382,1.7713572592106146,0.18465204979450947,0.19187034011994308,0.6524088636389633,0.3813518244150131,0.15849492117062292,0.02950626171532253,0.31510065562435835,0.46412470457581645,0.6346900051592246,0.6197490687923991,0.09858028547549597,0.05972614551769817,2.1635107339415285,1.8670812170457203,0.4201533591882629,0.10960416678214942,1.5327422975999498,1.078940964756811,0.03267203046131636,0.04529846928043922,0.6385722568081085,2.033648315296586,1.4161578950216156,1.1382879520507907,0.11052417085517544,0.9995016502123144,Divergent,0.1490240489514581,1.3950760584884776,-0.27105703922395025,-0.45380133284313895,-0.1289886594553004,0.012626438819122864,0.15413074169223262,-0.2964295168958082,0.007218290325433613,-0.3105491924061135,-0.038854139957797795,0.888977479357139,-0.014940936366825475,-0.2778699429708249
130,1.512688322950087,1.5244798326493592,0.03171241703629057,0.15402651465744738,0.5568709909068597,0.32517402629451964,0.09620890244946974,0.00020254221642498002,0.1675702663093602,0.3816546381010039,0.4387230727288895,0.22606641508089204,0.07261040916832152,0.10557215931600164,1.9238328414988086,1.80861079925189,0.4556458049789392,0.129826011466757,1.1153656767098419,0.5706942726795843,0.0,0.01315940897084778,0.3926994982227748,2.2206875308825302,1.4121270299038233,0.9886143641798164,0.06850299553481413,1.4214081981788655,Divergent,0.21408437179164372,1.8279880326597555,-0.23169696461234002,-0.5446714040302576,-0.09600636023304476,0.01315940897084778,0.011791509699272229,-0.11522204224691857,0.1223140976211568,-0.32581979351218215,0.032961750147680116,1.3529052026440513,-0.21265665764799746,-0.4235126657240069
131,1.75569048284693,1.6631434282875897,0.14210625666273766,0.12768367022089477,0.4779477933601201,0.41519947990477735,0.055282693372420144,0.022971334148635468,0.18379629326644376,0.2570421481685448,0.4177495567132287,0.5504793957927389,0.06029262124321919,0.07658897243858148,2.15358770181799,1.9293821081613163,0.3725227654080623,0.06174128796743948,1.3211221907950577,0.8946791068391222,0.08264042146093697,0.0,0.3753915299708814,2.233024692795923,1.1266461308756153,1.4726298739648245,0.04237249598428194,1.5474175884317993,Divergent,0.07324585490210106,1.8576331628250418,-0.06274831345534276,-0.42644308395593544,-0.032311359223784676,-0.08264042146093697,-0.09254705455934031,-0.22420559365667359,-0.014422586441842883,-0.3107814774406228,0.01629635119536229,1.5050450924475174,0.13272983907951014,0.3459837430892092
149,1.676739481784474,1.8316666205978382,0.12030898678077338,0.2522536958755056,0.45521877555712936,0.5168825377703621,0.047814581104689384,0.11592960490973418,0.14733772376544385,0.41157322819436715,0.5632006249878918,0.38234299605653155,0.04975627194641931,0.12174774183194378,2.218444313443842,2.1798700236903543,0.4820430906120327,0.245696407600371,1.4393700401574434,1.3462241510019022,0.028322011612333987,0.05779731789641649,0.3125394565342597,0.7224110779517986,1.3878160215673823,0.8694109119812816,0.1371662245603389,0.17664685531605626,Convergent,0.2642355044289233,0.4098716214175389,0.06166376221323272,-0.09314588915554123,0.0681150238050448,0.029475306284082504,0.15492713881336417,-0.038574289753487534,0.13194470909473222,-0.2363466830116617,0.07199146988552448,0.039480630755717366,-0.18085762893136026,-0.5184051095861006
150,1.7692912620747767,1.8689304776869067,0.05309728137095795,0.133104419832232,0.3827077496469934,0.38820262371469744,0.030014536557893476,0.0721504779150666,0.26910306500365966,0.17249186646963557,0.33034289902319264,0.48046066573631174,0.05505293805569201,0.055016586998432926,2.074172708750144,2.171392976695427,0.3770407659712941,0.3532464323237635,1.3491285038276648,1.6224194119072148,0.001589924874374525,0.011475564424767699,0.47708985598384057,0.8533663952783699,1.807919650774107,1.3700338146019764,0.1506661804535303,0.3402712966162642,Convergent,-0.09661119853402408,0.3762765392945293,0.0054948740677040475,0.27329090807955003,0.04213594135717312,0.009885639550393174,0.09963921561212996,0.09722026794528338,0.08000713846127405,-0.023794333647530586,-3.635105725908333e-05,0.1896051161627339,0.1501177667131191,-0.4378858361721307
151,1.957339266481062,1.8923465333599023,0.20017723999294298,0.39432922839891776,0.753990289315089,0.8780408723260169,0.07072437511969447,0.19709744471513987,0.16831939787347527,0.2738226723729682,0.7620110991872816,0.7450758989449833,0.20568089207849513,0.007076547436776786,2.1811046328047254,2.294663439737572,0.44809757332443434,0.49908445543658597,1.3487300263140016,1.338493721798427,0.28232844959479525,0.019267422289333955,0.33130145127000227,0.5543906931741495,1.3203102954229478,0.6958005208121418,0.03194826761303241,0.20028055862749847,Convergent,0.10550327449949293,0.2230892419041472,0.12405058301092786,-0.010236304515574668,0.12637306959544542,-0.26306102730546127,-0.06499273312115972,0.11355880693284659,0.19415198840597478,0.05098688211215163,-0.19860434464171833,0.16833229101446606,-0.01693520024229833,-0.6245097746108059
152,1.9142123517239344,2.1157381588411366,0.18065316598638154,0.6099109765689426,0.7139933996053481,1.0479592852507085,0.053014418501581104,0.016461713165974074,0.32550155164822325,0.09298201390132417,0.8621572541801434,0.593694133950442,0.02956792226514266,0.0034282592169205713,2.016409931049387,1.8917833683323515,0.5080054168536918,0.1633534668069049,1.1613277628885765,1.2723680506069381,0.032888376814376626,0.0841583810809136,0.37367098941825716,0.7488921010262903,1.6444862369505955,0.8581608089890004,0.13843011645901443,0.11286527162992457,Convergent,-0.2325195377468991,0.3752211116080332,0.33396588564536034,0.11104028771836161,-0.03655270533560703,0.051270004266536974,0.20152580711720214,-0.12462656271703532,0.429257810582561,-0.34465195004678695,-0.02613966304822209,-0.025564844829089856,-0.2684631202297014,-0.7863254279615951
