conversation_id,user,condition,persona_label,challenge,n_ideas,centroid_index,orig_same,orig_all,orig_cross
154,24,GPT,GPT,Bicycle,4,0,0.22033146023750305,0.23582763969898224,0.06881940364837646
155,25,GPT,GPT,Bicycle,4,1,0.23567351698875427,0.24081365764141083,0.10416567325592041
157,27,GPT,GPT,Bicycle,4,2,0.22245560586452484,0.2365899384021759,0.07670611143112183
158,28,GPT,GPT,Bicycle,4,3,0.26459547877311707,0.28074952960014343,0.10082203149795532
159,29,GPT,GPT,Bicycle,6,4,0.24384653568267822,0.2601359486579895,0.0790177583694458
160,30,GPT,GPT,Bicycle,7,5,0.2006302922964096,0.21297243237495422,0.05216097831726074
161,31,GPT,GPT,Bicycle,5,6,0.2341032177209854,0.24536696076393127,0.09177827835083008
162,32,GPT,GPT,Bicycle,4,7,0.2474391609430313,0.2603391110897064,0.07827872037887573
164,33,GPT,GPT,Bicycle,3,8,0.26581254601478577,0.277812123298645,0.13979804515838623
166,33,Persona,Convergent,Library,3,9,0.22125497460365295,0.24735713005065918,0.08966642618179321
167,29,Persona,Convergent,Library,5,10,0.2272375077009201,0.2512568235397339,0.11314094066619873
168,28,Persona,Convergent,Library,6,11,0.204480841755867,0.23475854098796844,0.07991683483123779
169,25,Persona,Convergent,Library,7,12,0.2106310874223709,0.2366713136434555,0.06287479400634766
170,32,Persona,Convergent,Library,1,13,0.2768327593803406,0.3041437864303589,0.1310611367225647
171,24,Persona,Convergent,Library,4,14,0.20182475447654724,0.23093394935131073,0.10227477550506592
172,27,Persona,Convergent,Library,5,15,0.21424600481987,0.23547452688217163,0.11438381671905518
175,31,Persona,Convergent,Library,8,16,0.20018605887889862,0.21685269474983215,0.0952681303024292
176,30,Persona,Convergent,Library,6,17,0.20317336916923523,0.22950223088264465,0.08879029750823975
180,34,GPT,GPT,Library,3,18,0.2661878764629364,0.23932932317256927,0.08010143041610718
182,35,GPT,GPT,Library,1,19,0.3373802602291107,0.32000213861465454,0.1525093913078308
183,36,GPT,GPT,Library,2,20,0.2947880029678345,0.26646068692207336,0.10439151525497437
184,37,GPT,GPT,Library,3,21,0.28386446833610535,0.2632976174354553,0.10891002416610718
188,36,Persona,Divergent,Bicycle,3,22,0.2473914921283722,0.23890499770641327,0.08918100595474243
189,34,Persona,Divergent,Bicycle,1,23,0.24918445944786072,0.24422986805438995,0.13100653886795044
190,35,Persona,Divergent,Bicycle,5,24,0.23365259170532227,0.21986618638038635,0.07028573751449585
192,37,Persona,Divergent,Bicycle,3,25,0.2390439361333847,0.2265131026506424,0.08774197101593018
194,39,Persona,BoundedRational,Bicycle,4,26,0.23440685868263245,0.21802310645580292,0.05430150032043457
195,40,Persona,BoundedRational,Bicycle,5,27,0.2155984789133072,0.21117736399173737,0.09294730424880981
196,41,Persona,BoundedRational,Bicycle,4,28,0.2334965169429779,0.22416993975639343,0.06100279092788696
199,43,Persona,BoundedRational,Bicycle,8,29,0.23811674118041992,0.21985986828804016,0.04374903440475464
200,44,Persona,BoundedRational,Bicycle,8,30,0.22605867683887482,0.20717470347881317,0.04813683032989502
201,45,Persona,BoundedRational,Bicycle,8,31,0.20271050930023193,0.19051708281040192,0.04911947250366211
202,46,Persona,BoundedRational,Bicycle,6,32,0.2223358154296875,0.2055039256811142,0.05168008804321289
203,47,Persona,BoundedRational,Bicycle,2,33,0.297903448343277,0.27941080927848816,0.12336677312850952
204,42,Persona,BoundedRational,Bicycle,4,34,0.22188800573349,0.21373523771762848,0.08701139688491821
205,46,GPT,GPT,Library,1,35,0.31918057799339294,0.29688596725463867,0.14585602283477783
206,42,GPT,GPT,Library,3,36,0.24520255625247955,0.21550585329532623,0.06124645471572876
208,44,GPT,GPT,Library,5,37,0.28685232996940613,0.26881635189056396,0.12356054782867432
209,40,GPT,GPT,Library,5,38,0.2566196918487549,0.23128043115139008,0.06287479400634766
210,45,GPT,GPT,Library,2,39,0.29554352164268494,0.2663513123989105,0.09859955310821533
212,43,GPT,GPT,Library,3,40,0.25921159982681274,0.2352202981710434,0.07805538177490234
213,47,GPT,GPT,Library,3,41,0.2666768729686737,0.23747900128364563,0.07664346694946289
214,39,GPT,GPT,Library,3,42,0.2665022909641266,0.23687121272087097,0.08751654624938965
216,48,Persona,Rational,Library,8,43,0.20514027774333954,0.23105359077453613,0.07497984170913696
217,49,Persona,Rational,Library,4,44,0.20920148491859436,0.23714247345924377,0.0706632137298584
218,50,Persona,Rational,Library,1,45,0.254407674074173,0.2869393229484558,0.10357189178466797
219,51,Persona,Rational,Library,6,46,0.18126697838306427,0.2072467803955078,0.05887800455093384
220,52,Persona,Rational,Library,6,47,0.19624942541122437,0.22085286676883698,0.0844915509223938
221,53,Persona,Rational,Library,6,48,0.1915709674358368,0.22050416469573975,0.06479346752166748
222,54,Persona,Rational,Library,3,49,0.24587278068065643,0.2714959681034088,0.13244223594665527
223,55,Persona,Rational,Library,2,50,0.23714390397071838,0.2635606527328491,0.0805671215057373
224,56,Persona,Rational,Library,6,51,0.19047550857067108,0.2169381082057953,0.08143341541290283
227,51,GPT,GPT,Bicycle,2,52,0.2797611653804779,0.29591870307922363,0.12817734479904175
229,56,GPT,GPT,Bicycle,1,53,0.317905455827713,0.33431103825569153,0.16181260347366333
230,54,GPT,GPT,Bicycle,2,54,0.24474771320819855,0.2522677183151245,0.11192941665649414
231,49,GPT,GPT,Bicycle,6,55,0.18497535586357117,0.19897225499153137,0.05981552600860596
233,48,GPT,GPT,Bicycle,7,56,0.19219867885112762,0.2062518298625946,0.04813683032989502
234,55,GPT,GPT,Bicycle,4,57,0.19644950330257416,0.20910048484802246,0.08259540796279907
236,52,GPT,GPT,Bicycle,4,58,0.22637465596199036,0.2353360503911972,0.10472875833511353
241,61,GPT,GPT,Bicycle,5,59,0.21321743726730347,0.22454342246055603,0.07357853651046753
244,64,GPT,GPT,Bicycle,2,60,0.24580419063568115,0.2659589946269989,0.09049028158187866
261,64,Persona,Divergent,Library,1,61,0.24177443981170654,0.27099817991256714,0.1038941740989685
279,61,Persona,Divergent,Library,2,62,0.22252489626407623,0.24157936871051788,0.11245602369308472
295,67,Persona,Divergent,Library,4,63,0.2148451805114746,0.2387571483850479,0.10818994045257568
296,68,Persona,Divergent,Library,6,64,0.1934918910264969,0.21651433408260345,0.06789326667785645
297,69,Persona,Divergent,Library,5,65,0.22756566107273102,0.24897007644176483,0.12076181173324585
298,70,Persona,Divergent,Library,4,66,0.22453673183918,0.25683701038360596,0.09388434886932373
299,71,Persona,Divergent,Library,6,67,0.18142478168010712,0.20531387627124786,0.07049059867858887
300,72,Persona,Divergent,Library,7,68,0.19517844915390015,0.22224271297454834,0.08113181591033936
301,73,Persona,Divergent,Library,6,69,0.16705743968486786,0.1932367980480194,0.06708604097366333
303,70,GPT,GPT,Bicycle,4,70,0.2069779485464096,0.219209685921669,0.061938345432281494
304,73,GPT,GPT,Bicycle,7,71,0.21477186679840088,0.22963760793209076,0.06738871335983276
305,69,GPT,GPT,Bicycle,5,72,0.1907406747341156,0.20297516882419586,0.07005655765533447
306,68,GPT,GPT,Bicycle,3,73,0.22352328896522522,0.23832201957702637,0.10208475589752197
307,72,GPT,GPT,Bicycle,5,74,0.20396842062473297,0.21735969185829163,0.0718071460723877
308,71,GPT,GPT,Bicycle,2,75,0.26686224341392517,0.279512494802475,0.12472522258758545
309,67,GPT,GPT,Bicycle,1,76,0.28499603271484375,0.3005581200122833,0.1201944351196289
311,74,Persona,Convergent,Bicycle,6,77,0.2612038254737854,0.24713881313800812,0.06738871335983276
314,77,Persona,Convergent,Bicycle,5,78,0.2356848269701004,0.217906191945076,0.058255910873413086
315,78,Persona,Convergent,Bicycle,2,79,0.31066298484802246,0.3009129464626312,0.1296709179878235
316,79,Persona,Convergent,Bicycle,8,80,0.2393723577260971,0.22444523870944977,0.05216097831726074
318,81,Persona,Convergent,Bicycle,1,81,0.2948114275932312,0.2839201092720032,0.13063448667526245
321,79,GPT,GPT,Library,6,82,0.25224927067756653,0.21846486628055573,0.0548173189163208
323,74,GPT,GPT,Library,3,83,0.277677059173584,0.25027984380722046,0.09061282873153687
324,78,GPT,GPT,Library,1,84,0.3292212188243866,0.3083595335483551,0.11821722984313965
325,77,GPT,GPT,Library,3,85,0.2708877921104431,0.24204325675964355,0.06399321556091309
326,81,GPT,GPT,Library,2,86,0.3294033706188202,0.30892160534858704,0.15152913331985474
327,80,GPT,GPT,Library,3,87,0.24639831483364105,0.2221774011850357,0.0957828164100647
328,82,GPT,GPT,Bicycle,4,88,0.21841013431549072,0.23673157393932343,0.07541060447692871
329,83,GPT,GPT,Bicycle,8,89,0.18432918190956116,0.1979961395263672,0.04911947250366211
330,84,GPT,GPT,Bicycle,1,90,0.3168158531188965,0.32233718037605286,0.2079361081123352
332,85,GPT,GPT,Bicycle,2,91,0.23319318890571594,0.24127256870269775,0.10187381505966187
333,86,GPT,GPT,Bicycle,6,92,0.19553469121456146,0.2088196575641632,0.0604628324508667
334,87,GPT,GPT,Bicycle,6,93,0.19410297274589539,0.20292197167873383,0.057382941246032715
335,88,GPT,GPT,Bicycle,1,94,0.27192753553390503,0.27694571018218994,0.11777842044830322
336,89,GPT,GPT,Bicycle,8,95,0.20718128979206085,0.21849064528942108,0.07334721088409424
337,90,GPT,GPT,Bicycle,4,96,0.20505119860172272,0.2211911380290985,0.06869322061538696
338,91,GPT,GPT,Bicycle,1,97,0.29329121112823486,0.2998538613319397,0.19124603271484375
339,92,GPT,GPT,Bicycle,3,98,0.2708891034126282,0.2890864908695221,0.12787342071533203
340,84,Persona,Divergent,Library,3,99,0.2434764951467514,0.27202168107032776,0.11209791898727417
341,88,Persona,Divergent,Library,4,100,0.2440538853406906,0.2735697329044342,0.12085229158401489
342,85,Persona,Divergent,Library,3,101,0.2083764672279358,0.2320396453142166,0.09251761436462402
343,89,Persona,Divergent,Library,9,102,0.17843972146511078,0.2044387012720108,0.05973410606384277
344,86,Persona,Divergent,Library,5,103,0.2118682861328125,0.24074533581733704,0.08876776695251465
346,91,Persona,Divergent,Library,4,104,0.21179868280887604,0.23535627126693726,0.11977070569992065
347,90,Persona,Divergent,Library,2,105,0.2275495082139969,0.2579250633716583,0.07559621334075928
348,83,Persona,Divergent,Library,8,106,0.18390293419361115,0.20948833227157593,0.06124645471572876
349,82,Persona,Divergent,Library,5,107,0.20306749641895294,0.22873632609844208,0.08319830894470215
350,87,Persona,Divergent,Library,6,108,0.21297837793827057,0.2414606511592865,0.10498499870300293
351,92,Persona,Divergent,Library,4,109,0.19127312302589417,0.21338489651679993,0.07730209827423096
352,93,GPT,GPT,Library,1,110,0.31456002593040466,0.2954391539096832,0.132337749004364
355,95,GPT,GPT,Library,2,111,0.29494714736938477,0.2717391848564148,0.12536638975143433
356,96,GPT,GPT,Library,3,112,0.3188116252422333,0.2864503860473633,0.1092756986618042
357,97,GPT,GPT,Library,1,113,0.32296159863471985,0.2990448474884033,0.10238051414489746
361,94,Persona,Convergent,Bicycle,3,114,0.24737131595611572,0.23103833198547363,0.06159567832946777
362,93,Persona,Convergent,Bicycle,2,115,0.2950536608695984,0.27372151613235474,0.09446167945861816
364,96,Persona,Convergent,Bicycle,3,116,0.2564319670200348,0.24120000004768372,0.06844216585159302
365,97,Persona,Convergent,Bicycle,2,117,0.301769495010376,0.2850966155529022,0.09521496295928955
366,95,Persona,Convergent,Bicycle,6,118,0.23547740280628204,0.21923723816871643,0.06972873210906982
368,100,Persona,Convergent,Library,4,119,0.2240133285522461,0.24814631044864655,0.09762632846832275
370,102,Persona,Convergent,Library,7,120,0.19163037836551666,0.2150590717792511,0.06356692314147949
372,104,Persona,Convergent,Library,8,121,0.20420372486114502,0.23020127415657043,0.09498149156570435
373,105,Persona,Convergent,Library,5,122,0.18287022411823273,0.2114379107952118,0.0548173189163208
374,106,Persona,Convergent,Library,7,123,0.18994012475013733,0.2182827889919281,0.06034255027770996
375,107,Persona,Convergent,Library,5,124,0.23020851612091064,0.24491581320762634,0.12447953224182129
377,109,Persona,Convergent,Library,6,125,0.17870502173900604,0.202952578663826,0.06021547317504883
378,110,Persona,Convergent,Library,5,126,0.24584373831748962,0.2628365755081177,0.14046573638916016
380,112,Persona,Convergent,Library,4,127,0.20207318663597107,0.22860828042030334,0.05564594268798828
381,113,Persona,Convergent,Library,2,128,0.2674815356731415,0.29280728101730347,0.14068013429641724
382,114,Persona,Convergent,Library,5,129,0.22635306417942047,0.2502226233482361,0.07628035545349121
384,108,Persona,Convergent,Library,10,130,0.20479752123355865,0.22202470898628235,0.11105328798294067
385,116,Persona,Convergent,Library,5,131,0.1849035620689392,0.21016862988471985,0.08071482181549072
386,117,Persona,Convergent,Library,4,132,0.2203618586063385,0.23880590498447418,0.09185099601745605
390,107,GPT,GPT,Bicycle,1,133,0.29101404547691345,0.3059496283531189,0.14649349451065063
391,102,GPT,GPT,Bicycle,8,134,0.19639378786087036,0.21505482494831085,0.04374903440475464
392,104,GPT,GPT,Bicycle,7,135,0.2138596475124359,0.2303977757692337,0.06545865535736084
393,108,GPT,GPT,Bicycle,6,136,0.21368877589702606,0.23020336031913757,0.07814538478851318
394,105,GPT,GPT,Bicycle,5,137,0.19783493876457214,0.21456679701805115,0.05344170331954956
396,114,GPT,GPT,Bicycle,5,138,0.20163610577583313,0.21495825052261353,0.07188445329666138
397,116,GPT,GPT,Bicycle,1,139,0.27502909302711487,0.28505244851112366,0.11232686042785645
398,112,GPT,GPT,Bicycle,7,140,0.2020924687385559,0.21401430666446686,0.0706932544708252
399,100,GPT,GPT,Bicycle,2,141,0.21794942021369934,0.23594915866851807,0.08400511741638184
401,109,GPT,GPT,Bicycle,9,142,0.20612497627735138,0.2142094075679779,0.0893053412437439
402,117,GPT,GPT,Bicycle,2,143,0.2405291199684143,0.2565080523490906,0.11624288558959961
403,113,GPT,GPT,Bicycle,1,144,0.2914865016937256,0.3053462505340576,0.1504042148590088
404,106,GPT,GPT,Bicycle,5,145,0.20344993472099304,0.21807268261909485,0.058255910873413086
411,118,Persona,Divergent,Library,3,146,0.21081994473934174,0.23438125848770142,0.09683889150619507
413,119,Persona,Divergent,Library,2,147,0.21463441848754883,0.2446862906217575,0.08579373359680176
414,120,Persona,Divergent,Library,2,148,0.2232576310634613,0.24989987909793854,0.09348613023757935
415,121,Persona,Divergent,Library,3,149,0.23800182342529297,0.2648540139198303,0.11231744289398193
416,122,Persona,Divergent,Library,1,150,0.26112130284309387,0.29004549980163574,0.1358320116996765
418,124,Persona,Divergent,Library,2,151,0.2635759115219116,0.2841435670852661,0.16918528079986572
419,124,GPT,GPT,Bicycle,1,152,0.31348827481269836,0.330230712890625,0.20603102445602417
420,122,GPT,GPT,Bicycle,1,153,0.2592044174671173,0.27460217475891113,0.12150120735168457
423,120,GPT,GPT,Bicycle,3,154,0.2140093594789505,0.23184925317764282,0.07120835781097412
425,118,GPT,GPT,Bicycle,3,155,0.2194618284702301,0.22957564890384674,0.08699893951416016
426,121,GPT,GPT,Bicycle,1,156,0.275190532207489,0.2944200932979584,0.11723154783248901
428,119,GPT,GPT,Bicycle,5,157,0.22077998518943787,0.2349003255367279,0.09211868047714233
429,125,GPT,GPT,Library,6,158,0.24125149846076965,0.2148590087890625,0.07467377185821533
431,126,GPT,GPT,Library,4,159,0.2460905909538269,0.2184087485074997,0.06479346752166748
432,127,GPT,GPT,Library,1,160,0.34776991605758667,0.32345786690711975,0.16489404439926147
433,128,GPT,GPT,Library,6,161,0.26145556569099426,0.229237362742424,0.05564594268798828
434,129,GPT,GPT,Library,2,162,0.294333279132843,0.26876527070999146,0.09462761878967285
436,131,GPT,GPT,Library,2,163,0.2899659276008606,0.2589355707168579,0.09206777811050415
439,126,Persona,Divergent,Bicycle,8,164,0.21157865226268768,0.20253609120845795,0.06626290082931519
440,128,Persona,Divergent,Bicycle,3,165,0.24436277151107788,0.23843751847743988,0.08737850189208984
441,125,Persona,Divergent,Bicycle,13,166,0.2159762978553772,0.2065742015838623,0.06924885511398315
442,129,Persona,Divergent,Bicycle,4,167,0.25373998284339905,0.23616400361061096,0.07756996154785156
443,131,Persona,Divergent,Bicycle,5,168,0.26068800687789917,0.2456713318824768,0.08518391847610474
444,127,Persona,Divergent,Bicycle,6,169,0.2471870332956314,0.23375344276428223,0.07814538478851318
445,130,Persona,Divergent,Bicycle,1,170,0.2744975984096527,0.2706279456615448,0.11232686042785645
466,149,Persona,Convergent,Bicycle,3,171,0.29810577630996704,0.28108707070350647,0.0790177583694458
467,111,Persona,Convergent,Bicycle,5,172,0.27907100319862366,0.26232707500457764,0.0915343165397644
468,150,Persona,Convergent,Bicycle,1,173,0.41128838062286377,0.3950140178203583,0.19183814525604248
469,151,Persona,Convergent,Bicycle,5,174,0.2920182943344116,0.27834850549697876,0.09177827835083008
470,111,GPT,GPT,Library,2,175,0.26306629180908203,0.23474633693695068,0.09975749254226685
471,151,GPT,GPT,Library,5,176,0.2561579942703247,0.2257334440946579,0.06356692314147949
472,150,GPT,GPT,Library,1,177,0.3328563868999481,0.3130795359611511,0.16241192817687988
473,149,GPT,GPT,Library,1,178,0.3366864323616028,0.3194345533847809,0.14954006671905518
474,152,Persona,Convergent,Bicycle,6,179,0.24964745342731476,0.23074646294116974,0.06740838289260864
475,152,GPT,GPT,Library,3,180,0.2889009416103363,0.2692188322544098,0.1552138328552246
