message_id,conversation_id,User_id,persona_label,condition,family
730,154,24,GPT,GPT,Convergent
762,154,24,GPT,GPT,Convergent
777,154,24,GPT,GPT,Convergent
793,154,24,GPT,GPT,Convergent
807,154,24,GPT,GPT,Convergent
817,154,24,GPT,GPT,Convergent
829,154,24,GPT,GPT,Convergent
837,154,24,GPT,GPT,Convergent
843,154,24,GPT,GPT,Convergent
853,154,24,GPT,GPT,Convergent
869,154,24,GPT,GPT,Convergent
733,155,25,GPT,GPT,Convergent
755,155,25,GPT,GPT,Convergent
789,155,25,GPT,GPT,Convergent
801,155,25,GPT,GPT,Convergent
819,155,25,GPT,GPT,Convergent
855,155,25,GPT,GPT,Convergent
872,155,25,GPT,GPT,Convergent
737,157,27,GPT,GPT,Convergent
769,157,27,GPT,GPT,Convergent
779,157,27,GPT,GPT,Convergent
797,157,27,GPT,GPT,Convergent
823,157,27,GPT,GPT,Convergent
847,157,27,GPT,GPT,Convergent
865,157,27,GPT,GPT,Convergent
885,157,27,GPT,GPT,Convergent
739,158,28,GPT,GPT,Convergent
767,158,28,GPT,GPT,Convergent
795,158,28,GPT,GPT,Convergent
811,158,28,GPT,GPT,Convergent
827,158,28,GPT,GPT,Convergent
850,158,28,GPT,GPT,Convergent
867,158,28,GPT,GPT,Convergent
741,159,29,GPT,GPT,Convergent
771,159,29,GPT,GPT,Convergent
805,159,29,GPT,GPT,Convergent
825,159,29,GPT,GPT,Convergent
835,159,29,GPT,GPT,Convergent
841,159,29,GPT,GPT,Convergent
857,159,29,GPT,GPT,Convergent
876,159,29,GPT,GPT,Convergent
744,160,30,GPT,GPT,Convergent
761,160,30,GPT,GPT,Convergent
773,160,30,GPT,GPT,Convergent
790,160,30,GPT,GPT,Convergent
813,160,30,GPT,GPT,Convergent
833,160,30,GPT,GPT,Convergent
859,160,30,GPT,GPT,Convergent
879,160,30,GPT,GPT,Convergent
743,161,31,GPT,GPT,Convergent
753,161,31,GPT,GPT,Convergent
785,161,31,GPT,GPT,Convergent
787,161,31,GPT,GPT,Convergent
799,161,31,GPT,GPT,Convergent
821,161,31,GPT,GPT,Convergent
845,161,31,GPT,GPT,Convergent
860,161,31,GPT,GPT,Convergent
880,161,31,GPT,GPT,Convergent
747,162,32,GPT,GPT,Convergent
756,162,32,GPT,GPT,Convergent
774,162,32,GPT,GPT,Convergent
780,162,32,GPT,GPT,Convergent
803,162,32,GPT,GPT,Convergent
863,162,32,GPT,GPT,Convergent
871,162,32,GPT,GPT,Convergent
751,164,33,GPT,GPT,Convergent
758,164,33,GPT,GPT,Convergent
815,164,33,GPT,GPT,Convergent
839,164,33,GPT,GPT,Convergent
875,164,33,GPT,GPT,Convergent
889,166,33,Convergent,Persona,Convergent
915,166,33,Convergent,Persona,Convergent
967,166,33,Convergent,Persona,Convergent
999,166,33,Convergent,Persona,Convergent
1056,166,33,Convergent,Persona,Convergent
890,167,29,Convergent,Persona,Convergent
913,167,29,Convergent,Persona,Convergent
941,167,29,Convergent,Persona,Convergent
977,167,29,Convergent,Persona,Convergent
1000,167,29,Convergent,Persona,Convergent
1032,167,29,Convergent,Persona,Convergent
1045,167,29,Convergent,Persona,Convergent
891,168,28,Convergent,Persona,Convergent
912,168,28,Convergent,Persona,Convergent
957,168,28,Convergent,Persona,Convergent
993,168,28,Convergent,Persona,Convergent
1027,168,28,Convergent,Persona,Convergent
1055,168,28,Convergent,Persona,Convergent
894,169,25,Convergent,Persona,Convergent
927,169,25,Convergent,Persona,Convergent
943,169,25,Convergent,Persona,Convergent
965,169,25,Convergent,Persona,Convergent
996,169,25,Convergent,Persona,Convergent
1021,169,25,Convergent,Persona,Convergent
1051,169,25,Convergent,Persona,Convergent
896,170,32,Convergent,Persona,Convergent
924,170,32,Convergent,Persona,Convergent
947,170,32,Convergent,Persona,Convergent
984,170,32,Convergent,Persona,Convergent
1017,170,32,Convergent,Persona,Convergent
1029,170,32,Convergent,Persona,Convergent
1037,170,32,Convergent,Persona,Convergent
1048,170,32,Convergent,Persona,Convergent
897,171,24,Convergent,Persona,Convergent
923,171,24,Convergent,Persona,Convergent
929,171,24,Convergent,Persona,Convergent
935,171,24,Convergent,Persona,Convergent
953,171,24,Convergent,Persona,Convergent
961,171,24,Convergent,Persona,Convergent
975,171,24,Convergent,Persona,Convergent
987,171,24,Convergent,Persona,Convergent
991,171,24,Convergent,Persona,Convergent
1009,171,24,Convergent,Persona,Convergent
1011,171,24,Convergent,Persona,Convergent
1015,171,24,Convergent,Persona,Convergent
1019,171,24,Convergent,Persona,Convergent
901,172,27,Convergent,Persona,Convergent
911,172,27,Convergent,Persona,Convergent
931,172,27,Convergent,Persona,Convergent
951,172,27,Convergent,Persona,Convergent
969,172,27,Convergent,Persona,Convergent
981,172,27,Convergent,Persona,Convergent
1005,172,27,Convergent,Persona,Convergent
1020,172,27,Convergent,Persona,Convergent
1043,172,27,Convergent,Persona,Convergent
907,175,31,Convergent,Persona,Convergent
919,175,31,Convergent,Persona,Convergent
939,175,31,Convergent,Persona,Convergent
955,175,31,Convergent,Persona,Convergent
970,175,31,Convergent,Persona,Convergent
979,175,31,Convergent,Persona,Convergent
995,175,31,Convergent,Persona,Convergent
1024,175,31,Convergent,Persona,Convergent
1039,175,31,Convergent,Persona,Convergent
909,176,30,Convergent,Persona,Convergent
933,176,30,Convergent,Persona,Convergent
949,176,30,Convergent,Persona,Convergent
983,176,30,Convergent,Persona,Convergent
1007,176,30,Convergent,Persona,Convergent
1035,176,30,Convergent,Persona,Convergent
1052,176,30,Convergent,Persona,Convergent
1069,180,34,GPT,GPT,Divergent
1081,180,34,GPT,GPT,Divergent
1092,180,34,GPT,GPT,Divergent
1103,180,34,GPT,GPT,Divergent
1114,180,34,GPT,GPT,Divergent
1126,180,34,GPT,GPT,Divergent
1135,180,34,GPT,GPT,Divergent
1141,180,34,GPT,GPT,Divergent
1072,182,35,GPT,GPT,Divergent
1085,182,35,GPT,GPT,Divergent
1099,182,35,GPT,GPT,Divergent
1123,182,35,GPT,GPT,Divergent
1129,182,35,GPT,GPT,Divergent
1137,182,35,GPT,GPT,Divergent
1145,182,35,GPT,GPT,Divergent
1075,183,36,GPT,GPT,Divergent
1087,183,36,GPT,GPT,Divergent
1097,183,36,GPT,GPT,Divergent
1109,183,36,GPT,GPT,Divergent
1117,183,36,GPT,GPT,Divergent
1077,184,37,GPT,GPT,Divergent
1083,184,37,GPT,GPT,Divergent
1091,184,37,GPT,GPT,Divergent
1101,184,37,GPT,GPT,Divergent
1107,184,37,GPT,GPT,Divergent
1111,184,37,GPT,GPT,Divergent
1119,184,37,GPT,GPT,Divergent
1125,184,37,GPT,GPT,Divergent
1133,184,37,GPT,GPT,Divergent
1143,184,37,GPT,GPT,Divergent
1079,185,38,GPT,GPT,Divergent
1089,185,38,GPT,GPT,Divergent
1095,185,38,GPT,GPT,Divergent
1105,185,38,GPT,GPT,Divergent
1113,185,38,GPT,GPT,Divergent
1147,187,38,Divergent,Persona,Divergent
1161,187,38,Divergent,Persona,Divergent
1175,187,38,Divergent,Persona,Divergent
1181,187,38,Divergent,Persona,Divergent
1191,187,38,Divergent,Persona,Divergent
1201,187,38,Divergent,Persona,Divergent
1148,188,36,Divergent,Persona,Divergent
1167,188,36,Divergent,Persona,Divergent
1179,188,36,Divergent,Persona,Divergent
1195,188,36,Divergent,Persona,Divergent
1210,188,36,Divergent,Persona,Divergent
1149,189,34,Divergent,Persona,Divergent
1159,189,34,Divergent,Persona,Divergent
1171,189,34,Divergent,Persona,Divergent
1183,189,34,Divergent,Persona,Divergent
1189,189,34,Divergent,Persona,Divergent
1202,189,34,Divergent,Persona,Divergent
1205,189,34,Divergent,Persona,Divergent
1209,189,34,Divergent,Persona,Divergent
1153,190,35,Divergent,Persona,Divergent
1163,190,35,Divergent,Persona,Divergent
1177,190,35,Divergent,Persona,Divergent
1187,190,35,Divergent,Persona,Divergent
1199,190,35,Divergent,Persona,Divergent
1213,190,35,Divergent,Persona,Divergent
1217,190,35,Divergent,Persona,Divergent
1157,192,37,Divergent,Persona,Divergent
1162,192,37,Divergent,Persona,Divergent
1169,192,37,Divergent,Persona,Divergent
1173,192,37,Divergent,Persona,Divergent
1185,192,37,Divergent,Persona,Divergent
1193,192,37,Divergent,Persona,Divergent
1197,192,37,Divergent,Persona,Divergent
1207,192,37,Divergent,Persona,Divergent
1215,192,37,Divergent,Persona,Divergent
1220,194,39,BoundedRational,Persona,BoundedRational
1253,194,39,BoundedRational,Persona,BoundedRational
1265,194,39,BoundedRational,Persona,BoundedRational
1268,194,39,BoundedRational,Persona,BoundedRational
1281,194,39,BoundedRational,Persona,BoundedRational
1295,194,39,BoundedRational,Persona,BoundedRational
1305,194,39,BoundedRational,Persona,BoundedRational
1325,194,39,BoundedRational,Persona,BoundedRational
1335,194,39,BoundedRational,Persona,BoundedRational
1350,194,39,BoundedRational,Persona,BoundedRational
1359,194,39,BoundedRational,Persona,BoundedRational
1221,195,40,BoundedRational,Persona,BoundedRational
1243,195,40,BoundedRational,Persona,BoundedRational
1273,195,40,BoundedRational,Persona,BoundedRational
1317,195,40,BoundedRational,Persona,BoundedRational
1337,195,40,BoundedRational,Persona,BoundedRational
1363,195,40,BoundedRational,Persona,BoundedRational
1378,195,40,BoundedRational,Persona,BoundedRational
1225,196,41,BoundedRational,Persona,BoundedRational
1250,196,41,BoundedRational,Persona,BoundedRational
1277,196,41,BoundedRational,Persona,BoundedRational
1309,196,41,BoundedRational,Persona,BoundedRational
1323,196,41,BoundedRational,Persona,BoundedRational
1349,196,41,BoundedRational,Persona,BoundedRational
1231,199,43,BoundedRational,Persona,BoundedRational
1241,199,43,BoundedRational,Persona,BoundedRational
1263,199,43,BoundedRational,Persona,BoundedRational
1275,199,43,BoundedRational,Persona,BoundedRational
1297,199,43,BoundedRational,Persona,BoundedRational
1307,199,43,BoundedRational,Persona,BoundedRational
1326,199,43,BoundedRational,Persona,BoundedRational
1339,199,43,BoundedRational,Persona,BoundedRational
1353,199,43,BoundedRational,Persona,BoundedRational
1362,199,43,BoundedRational,Persona,BoundedRational
1373,199,43,BoundedRational,Persona,BoundedRational
1233,200,44,BoundedRational,Persona,BoundedRational
1256,200,44,BoundedRational,Persona,BoundedRational
1261,200,44,BoundedRational,Persona,BoundedRational
1282,200,44,BoundedRational,Persona,BoundedRational
1288,200,44,BoundedRational,Persona,BoundedRational
1301,200,44,BoundedRational,Persona,BoundedRational
1311,200,44,BoundedRational,Persona,BoundedRational
1319,200,44,BoundedRational,Persona,BoundedRational
1329,200,44,BoundedRational,Persona,BoundedRational
1344,200,44,BoundedRational,Persona,BoundedRational
1361,200,44,BoundedRational,Persona,BoundedRational
1235,201,45,BoundedRational,Persona,BoundedRational
1247,201,45,BoundedRational,Persona,BoundedRational
1259,201,45,BoundedRational,Persona,BoundedRational
1267,201,45,BoundedRational,Persona,BoundedRational
1291,201,45,BoundedRational,Persona,BoundedRational
1303,201,45,BoundedRational,Persona,BoundedRational
1321,201,45,BoundedRational,Persona,BoundedRational
1343,201,45,BoundedRational,Persona,BoundedRational
1367,201,45,BoundedRational,Persona,BoundedRational
1371,201,45,BoundedRational,Persona,BoundedRational
1379,201,45,BoundedRational,Persona,BoundedRational
1385,201,45,BoundedRational,Persona,BoundedRational
1236,202,46,BoundedRational,Persona,BoundedRational
1255,202,46,BoundedRational,Persona,BoundedRational
1279,202,46,BoundedRational,Persona,BoundedRational
1315,202,46,BoundedRational,Persona,BoundedRational
1330,202,46,BoundedRational,Persona,BoundedRational
1369,202,46,BoundedRational,Persona,BoundedRational
1383,202,46,BoundedRational,Persona,BoundedRational
1239,203,47,BoundedRational,Persona,BoundedRational
1249,203,47,BoundedRational,Persona,BoundedRational
1292,203,47,BoundedRational,Persona,BoundedRational
1341,203,47,BoundedRational,Persona,BoundedRational
1355,203,47,BoundedRational,Persona,BoundedRational
1377,203,47,BoundedRational,Persona,BoundedRational
1285,204,42,BoundedRational,Persona,BoundedRational
1287,204,42,BoundedRational,Persona,BoundedRational
1299,204,42,BoundedRational,Persona,BoundedRational
1313,204,42,BoundedRational,Persona,BoundedRational
1332,204,42,BoundedRational,Persona,BoundedRational
1347,204,42,BoundedRational,Persona,BoundedRational
1357,204,42,BoundedRational,Persona,BoundedRational
1375,204,42,BoundedRational,Persona,BoundedRational
1387,205,46,GPT,GPT,BoundedRational
1408,205,46,GPT,GPT,BoundedRational
1441,205,46,GPT,GPT,BoundedRational
1471,205,46,GPT,GPT,BoundedRational
1487,205,46,GPT,GPT,BoundedRational
1509,205,46,GPT,GPT,BoundedRational
1531,205,46,GPT,GPT,BoundedRational
1555,205,46,GPT,GPT,BoundedRational
1566,205,46,GPT,GPT,BoundedRational
1389,206,42,GPT,GPT,BoundedRational
1423,206,42,GPT,GPT,BoundedRational
1431,206,42,GPT,GPT,BoundedRational
1442,206,42,GPT,GPT,BoundedRational
1461,206,42,GPT,GPT,BoundedRational
1479,206,42,GPT,GPT,BoundedRational
1489,206,42,GPT,GPT,BoundedRational
1507,206,42,GPT,GPT,BoundedRational
1517,206,42,GPT,GPT,BoundedRational
1392,208,44,GPT,GPT,BoundedRational
1419,208,44,GPT,GPT,BoundedRational
1425,208,44,GPT,GPT,BoundedRational
1437,208,44,GPT,GPT,BoundedRational
1453,208,44,GPT,GPT,BoundedRational
1459,208,44,GPT,GPT,BoundedRational
1473,208,44,GPT,GPT,BoundedRational
1492,208,44,GPT,GPT,BoundedRational
1518,208,44,GPT,GPT,BoundedRational
1537,208,44,GPT,GPT,BoundedRational
1553,208,44,GPT,GPT,BoundedRational
1569,208,44,GPT,GPT,BoundedRational
1571,208,44,GPT,GPT,BoundedRational
1394,209,40,GPT,GPT,BoundedRational
1416,209,40,GPT,GPT,BoundedRational
1451,209,40,GPT,GPT,BoundedRational
1463,209,40,GPT,GPT,BoundedRational
1491,209,40,GPT,GPT,BoundedRational
1501,209,40,GPT,GPT,BoundedRational
1511,209,40,GPT,GPT,BoundedRational
1527,209,40,GPT,GPT,BoundedRational
1539,209,40,GPT,GPT,BoundedRational
1542,209,40,GPT,GPT,BoundedRational
1559,209,40,GPT,GPT,BoundedRational
1396,210,45,GPT,GPT,BoundedRational
1415,210,45,GPT,GPT,BoundedRational
1435,210,45,GPT,GPT,BoundedRational
1449,210,45,GPT,GPT,BoundedRational
1466,210,45,GPT,GPT,BoundedRational
1475,210,45,GPT,GPT,BoundedRational
1495,210,45,GPT,GPT,BoundedRational
1521,210,45,GPT,GPT,BoundedRational
1533,210,45,GPT,GPT,BoundedRational
1535,210,45,GPT,GPT,BoundedRational
1547,210,45,GPT,GPT,BoundedRational
1551,210,45,GPT,GPT,BoundedRational
1557,210,45,GPT,GPT,BoundedRational
1397,211,41,GPT,GPT,BoundedRational
1413,211,41,GPT,GPT,BoundedRational
1427,211,41,GPT,GPT,BoundedRational
1443,211,41,GPT,GPT,BoundedRational
1469,211,41,GPT,GPT,BoundedRational
1482,211,41,GPT,GPT,BoundedRational
1503,211,41,GPT,GPT,BoundedRational
1523,211,41,GPT,GPT,BoundedRational
1541,211,41,GPT,GPT,BoundedRational
1400,212,43,GPT,GPT,BoundedRational
1411,212,43,GPT,GPT,BoundedRational
1433,212,43,GPT,GPT,BoundedRational
1455,212,43,GPT,GPT,BoundedRational
1481,212,43,GPT,GPT,BoundedRational
1499,212,43,GPT,GPT,BoundedRational
1505,212,43,GPT,GPT,BoundedRational
1515,212,43,GPT,GPT,BoundedRational
1545,212,43,GPT,GPT,BoundedRational
1403,213,47,GPT,GPT,BoundedRational
1414,213,47,GPT,GPT,BoundedRational
1444,213,47,GPT,GPT,BoundedRational
1496,213,47,GPT,GPT,BoundedRational
1529,213,47,GPT,GPT,BoundedRational
1563,213,47,GPT,GPT,BoundedRational
1573,213,47,GPT,GPT,BoundedRational
1405,214,39,GPT,GPT,BoundedRational
1407,214,39,GPT,GPT,BoundedRational
1429,214,39,GPT,GPT,BoundedRational
1439,214,39,GPT,GPT,BoundedRational
1457,214,39,GPT,GPT,BoundedRational
1465,214,39,GPT,GPT,BoundedRational
1477,214,39,GPT,GPT,BoundedRational
1485,214,39,GPT,GPT,BoundedRational
1513,214,39,GPT,GPT,BoundedRational
1524,214,39,GPT,GPT,BoundedRational
1549,214,39,GPT,GPT,BoundedRational
1561,214,39,GPT,GPT,BoundedRational
1565,214,39,GPT,GPT,BoundedRational
1577,216,48,Rational,Persona,Rational
1597,216,48,Rational,Persona,Rational
1619,216,48,Rational,Persona,Rational
1631,216,48,Rational,Persona,Rational
1657,216,48,Rational,Persona,Rational
1681,216,48,Rational,Persona,Rational
1713,216,48,Rational,Persona,Rational
1739,216,48,Rational,Persona,Rational
1578,217,49,Rational,Persona,Rational
1614,217,49,Rational,Persona,Rational
1647,217,49,Rational,Persona,Rational
1687,217,49,Rational,Persona,Rational
1709,217,49,Rational,Persona,Rational
1725,217,49,Rational,Persona,Rational
1743,217,49,Rational,Persona,Rational
1582,218,50,Rational,Persona,Rational
1609,218,50,Rational,Persona,Rational
1629,218,50,Rational,Persona,Rational
1669,218,50,Rational,Persona,Rational
1699,218,50,Rational,Persona,Rational
1740,218,50,Rational,Persona,Rational
1581,219,51,Rational,Persona,Rational
1603,219,51,Rational,Persona,Rational
1617,219,51,Rational,Persona,Rational
1633,219,51,Rational,Persona,Rational
1644,219,51,Rational,Persona,Rational
1662,219,51,Rational,Persona,Rational
1671,219,51,Rational,Persona,Rational
1677,219,51,Rational,Persona,Rational
1689,219,51,Rational,Persona,Rational
1695,219,51,Rational,Persona,Rational
1703,219,51,Rational,Persona,Rational
1727,219,51,Rational,Persona,Rational
1584,220,52,Rational,Persona,Rational
1601,220,52,Rational,Persona,Rational
1625,220,52,Rational,Persona,Rational
1649,220,52,Rational,Persona,Rational
1658,220,52,Rational,Persona,Rational
1675,220,52,Rational,Persona,Rational
1715,220,52,Rational,Persona,Rational
1733,220,52,Rational,Persona,Rational
1745,220,52,Rational,Persona,Rational
1587,221,53,Rational,Persona,Rational
1605,221,53,Rational,Persona,Rational
1627,221,53,Rational,Persona,Rational
1639,221,53,Rational,Persona,Rational
1661,221,53,Rational,Persona,Rational
1673,221,53,Rational,Persona,Rational
1685,221,53,Rational,Persona,Rational
1697,221,53,Rational,Persona,Rational
1705,221,53,Rational,Persona,Rational
1710,221,53,Rational,Persona,Rational
1720,221,53,Rational,Persona,Rational
1735,221,53,Rational,Persona,Rational
1589,222,54,Rational,Persona,Rational
1611,222,54,Rational,Persona,Rational
1655,222,54,Rational,Persona,Rational
1717,222,54,Rational,Persona,Rational
1591,223,55,Rational,Persona,Rational
1607,223,55,Rational,Persona,Rational
1634,223,55,Rational,Persona,Rational
1643,223,55,Rational,Persona,Rational
1665,223,55,Rational,Persona,Rational
1682,223,55,Rational,Persona,Rational
1723,223,55,Rational,Persona,Rational
1593,224,56,Rational,Persona,Rational
1599,224,56,Rational,Persona,Rational
1621,224,56,Rational,Persona,Rational
1623,224,56,Rational,Persona,Rational
1637,224,56,Rational,Persona,Rational
1641,224,56,Rational,Persona,Rational
1651,224,56,Rational,Persona,Rational
1667,224,56,Rational,Persona,Rational
1678,224,56,Rational,Persona,Rational
1693,224,56,Rational,Persona,Rational
1701,224,56,Rational,Persona,Rational
1707,224,56,Rational,Persona,Rational
1719,224,56,Rational,Persona,Rational
1728,224,56,Rational,Persona,Rational
1737,224,56,Rational,Persona,Rational
1747,226,53,GPT,GPT,Rational
1771,226,53,GPT,GPT,Rational
1787,226,53,GPT,GPT,Rational
1793,226,53,GPT,GPT,Rational
1802,226,53,GPT,GPT,Rational
1807,226,53,GPT,GPT,Rational
1748,227,51,GPT,GPT,Rational
1769,227,51,GPT,GPT,Rational
1797,227,51,GPT,GPT,Rational
1805,227,51,GPT,GPT,Rational
1820,227,51,GPT,GPT,Rational
1827,227,51,GPT,GPT,Rational
1839,227,51,GPT,GPT,Rational
1879,227,51,GPT,GPT,Rational
1885,227,51,GPT,GPT,Rational
1891,227,51,GPT,GPT,Rational
1752,229,56,GPT,GPT,Rational
1775,229,56,GPT,GPT,Rational
1785,229,56,GPT,GPT,Rational
1817,229,56,GPT,GPT,Rational
1835,229,56,GPT,GPT,Rational
1846,229,56,GPT,GPT,Rational
1852,229,56,GPT,GPT,Rational
1857,229,56,GPT,GPT,Rational
1861,229,56,GPT,GPT,Rational
1753,230,54,GPT,GPT,Rational
1772,230,54,GPT,GPT,Rational
1823,230,54,GPT,GPT,Rational
1870,230,54,GPT,GPT,Rational
1755,231,49,GPT,GPT,Rational
1779,231,49,GPT,GPT,Rational
1800,231,49,GPT,GPT,Rational
1829,231,49,GPT,GPT,Rational
1845,231,49,GPT,GPT,Rational
1851,231,49,GPT,GPT,Rational
1875,231,49,GPT,GPT,Rational
1882,231,49,GPT,GPT,Rational
1759,232,50,GPT,GPT,Rational
1776,232,50,GPT,GPT,Rational
1819,232,50,GPT,GPT,Rational
1843,232,50,GPT,GPT,Rational
1887,232,50,GPT,GPT,Rational
1761,233,48,GPT,GPT,Rational
1791,233,48,GPT,GPT,Rational
1809,233,48,GPT,GPT,Rational
1833,233,48,GPT,GPT,Rational
1864,233,48,GPT,GPT,Rational
1762,234,55,GPT,GPT,Rational
1781,234,55,GPT,GPT,Rational
1795,234,55,GPT,GPT,Rational
1812,234,55,GPT,GPT,Rational
1825,234,55,GPT,GPT,Rational
1841,234,55,GPT,GPT,Rational
1849,234,55,GPT,GPT,Rational
1867,234,55,GPT,GPT,Rational
1764,236,52,GPT,GPT,Rational
1782,236,52,GPT,GPT,Rational
1789,236,52,GPT,GPT,Rational
1799,236,52,GPT,GPT,Rational
1815,236,52,GPT,GPT,Rational
1831,236,52,GPT,GPT,Rational
1859,236,52,GPT,GPT,Rational
1869,236,52,GPT,GPT,Rational
1877,236,52,GPT,GPT,Rational
1893,236,52,GPT,GPT,Rational
1897,236,52,GPT,GPT,Rational
1899,236,52,GPT,GPT,Rational
1909,241,61,GPT,GPT,Divergent
1920,241,61,GPT,GPT,Divergent
1945,241,61,GPT,GPT,Divergent
1961,241,61,GPT,GPT,Divergent
1982,241,61,GPT,GPT,Divergent
1999,241,61,GPT,GPT,Divergent
2015,241,61,GPT,GPT,Divergent
2028,241,61,GPT,GPT,Divergent
2037,241,61,GPT,GPT,Divergent
1915,244,64,GPT,GPT,Divergent
1933,244,64,GPT,GPT,Divergent
1953,244,64,GPT,GPT,Divergent
1975,244,64,GPT,GPT,Divergent
1988,244,64,GPT,GPT,Divergent
2024,244,64,GPT,GPT,Divergent
2041,244,64,GPT,GPT,Divergent
2060,261,64,Divergent,Persona,Divergent
2065,261,64,Divergent,Persona,Divergent
2099,261,64,Divergent,Persona,Divergent
2131,261,64,Divergent,Persona,Divergent
2153,261,64,Divergent,Persona,Divergent
2183,279,61,Divergent,Persona,Divergent
2191,279,61,Divergent,Persona,Divergent
2198,279,61,Divergent,Persona,Divergent
2215,279,61,Divergent,Persona,Divergent
2251,279,61,Divergent,Persona,Divergent
2282,295,67,Divergent,Persona,Divergent
2298,295,67,Divergent,Persona,Divergent
2327,295,67,Divergent,Persona,Divergent
2355,295,67,Divergent,Persona,Divergent
2385,295,67,Divergent,Persona,Divergent
2407,295,67,Divergent,Persona,Divergent
2285,296,68,Divergent,Persona,Divergent
2297,296,68,Divergent,Persona,Divergent
2335,296,68,Divergent,Persona,Divergent
2343,296,68,Divergent,Persona,Divergent
2348,296,68,Divergent,Persona,Divergent
2357,296,68,Divergent,Persona,Divergent
2372,296,68,Divergent,Persona,Divergent
2375,296,68,Divergent,Persona,Divergent
2391,296,68,Divergent,Persona,Divergent
2405,296,68,Divergent,Persona,Divergent
2286,297,69,Divergent,Persona,Divergent
2303,297,69,Divergent,Persona,Divergent
2315,297,69,Divergent,Persona,Divergent
2323,297,69,Divergent,Persona,Divergent
2341,297,69,Divergent,Persona,Divergent
2361,297,69,Divergent,Persona,Divergent
2382,297,69,Divergent,Persona,Divergent
2400,297,69,Divergent,Persona,Divergent
2417,297,69,Divergent,Persona,Divergent
2288,298,70,Divergent,Persona,Divergent
2301,298,70,Divergent,Persona,Divergent
2317,298,70,Divergent,Persona,Divergent
2331,298,70,Divergent,Persona,Divergent
2347,298,70,Divergent,Persona,Divergent
2368,298,70,Divergent,Persona,Divergent
2389,298,70,Divergent,Persona,Divergent
2403,298,70,Divergent,Persona,Divergent
2413,298,70,Divergent,Persona,Divergent
2290,299,71,Divergent,Persona,Divergent
2304,299,71,Divergent,Persona,Divergent
2313,299,71,Divergent,Persona,Divergent
2324,299,71,Divergent,Persona,Divergent
2337,299,71,Divergent,Persona,Divergent
2353,299,71,Divergent,Persona,Divergent
2363,299,71,Divergent,Persona,Divergent
2393,299,71,Divergent,Persona,Divergent
2415,299,71,Divergent,Persona,Divergent
2293,300,72,Divergent,Persona,Divergent
2311,300,72,Divergent,Persona,Divergent
2319,300,72,Divergent,Persona,Divergent
2333,300,72,Divergent,Persona,Divergent
2351,300,72,Divergent,Persona,Divergent
2365,300,72,Divergent,Persona,Divergent
2381,300,72,Divergent,Persona,Divergent
2395,300,72,Divergent,Persona,Divergent
2409,300,72,Divergent,Persona,Divergent
2423,300,72,Divergent,Persona,Divergent
2295,301,73,Divergent,Persona,Divergent
2302,301,73,Divergent,Persona,Divergent
2328,301,73,Divergent,Persona,Divergent
2367,301,73,Divergent,Persona,Divergent
2399,301,73,Divergent,Persona,Divergent
2421,301,73,Divergent,Persona,Divergent
2427,303,70,GPT,GPT,Divergent
2447,303,70,GPT,GPT,Divergent
2455,303,70,GPT,GPT,Divergent
2476,303,70,GPT,GPT,Divergent
2491,303,70,GPT,GPT,Divergent
2513,303,70,GPT,GPT,Divergent
2539,303,70,GPT,GPT,Divergent
2558,303,70,GPT,GPT,Divergent
2573,303,70,GPT,GPT,Divergent
2598,303,70,GPT,GPT,Divergent
2428,304,73,GPT,GPT,Divergent
2443,304,73,GPT,GPT,Divergent
2453,304,73,GPT,GPT,Divergent
2459,304,73,GPT,GPT,Divergent
2471,304,73,GPT,GPT,Divergent
2481,304,73,GPT,GPT,Divergent
2487,304,73,GPT,GPT,Divergent
2502,304,73,GPT,GPT,Divergent
2507,304,73,GPT,GPT,Divergent
2519,304,73,GPT,GPT,Divergent
2530,304,73,GPT,GPT,Divergent
2547,304,73,GPT,GPT,Divergent
2553,304,73,GPT,GPT,Divergent
2569,304,73,GPT,GPT,Divergent
2575,304,73,GPT,GPT,Divergent
2585,304,73,GPT,GPT,Divergent
2431,305,69,GPT,GPT,Divergent
2449,305,69,GPT,GPT,Divergent
2473,305,69,GPT,GPT,Divergent
2505,305,69,GPT,GPT,Divergent
2522,305,69,GPT,GPT,Divergent
2541,305,69,GPT,GPT,Divergent
2563,305,69,GPT,GPT,Divergent
2577,305,69,GPT,GPT,Divergent
2589,305,69,GPT,GPT,Divergent
2599,305,69,GPT,GPT,Divergent
2432,306,68,GPT,GPT,Divergent
2440,306,68,GPT,GPT,Divergent
2460,306,68,GPT,GPT,Divergent
2479,306,68,GPT,GPT,Divergent
2499,306,68,GPT,GPT,Divergent
2509,306,68,GPT,GPT,Divergent
2534,306,68,GPT,GPT,Divergent
2545,306,68,GPT,GPT,Divergent
2551,306,68,GPT,GPT,Divergent
2593,306,68,GPT,GPT,Divergent
2435,307,72,GPT,GPT,Divergent
2451,307,72,GPT,GPT,Divergent
2465,307,72,GPT,GPT,Divergent
2485,307,72,GPT,GPT,Divergent
2500,307,72,GPT,GPT,Divergent
2517,307,72,GPT,GPT,Divergent
2548,307,72,GPT,GPT,Divergent
2565,307,72,GPT,GPT,Divergent
2578,307,72,GPT,GPT,Divergent
2595,307,72,GPT,GPT,Divergent
2603,307,72,GPT,GPT,Divergent
2437,308,71,GPT,GPT,Divergent
2445,308,71,GPT,GPT,Divergent
2463,308,71,GPT,GPT,Divergent
2468,308,71,GPT,GPT,Divergent
2482,308,71,GPT,GPT,Divergent
2497,308,71,GPT,GPT,Divergent
2514,308,71,GPT,GPT,Divergent
2521,308,71,GPT,GPT,Divergent
2529,308,71,GPT,GPT,Divergent
2543,308,71,GPT,GPT,Divergent
2554,308,71,GPT,GPT,Divergent
2581,308,71,GPT,GPT,Divergent
2590,308,71,GPT,GPT,Divergent
2439,309,67,GPT,GPT,Divergent
2457,309,67,GPT,GPT,Divergent
2467,309,67,GPT,GPT,Divergent
2495,309,67,GPT,GPT,Divergent
2533,309,67,GPT,GPT,Divergent
2556,309,67,GPT,GPT,Divergent
2567,309,67,GPT,GPT,Divergent
2583,309,67,GPT,GPT,Divergent
2597,309,67,GPT,GPT,Divergent
2605,311,74,Convergent,Persona,Convergent
2619,311,74,Convergent,Persona,Convergent
2641,311,74,Convergent,Persona,Convergent
2659,311,74,Convergent,Persona,Convergent
2687,311,74,Convergent,Persona,Convergent
2708,311,74,Convergent,Persona,Convergent
2609,313,76,Convergent,Persona,Convergent
2628,313,76,Convergent,Persona,Convergent
2643,313,76,Convergent,Persona,Convergent
2673,313,76,Convergent,Persona,Convergent
2679,313,76,Convergent,Persona,Convergent
2695,313,76,Convergent,Persona,Convergent
2711,313,76,Convergent,Persona,Convergent
2611,314,77,Convergent,Persona,Convergent
2625,314,77,Convergent,Persona,Convergent
2632,314,77,Convergent,Persona,Convergent
2637,314,77,Convergent,Persona,Convergent
2655,314,77,Convergent,Persona,Convergent
2663,314,77,Convergent,Persona,Convergent
2675,314,77,Convergent,Persona,Convergent
2689,314,77,Convergent,Persona,Convergent
2703,314,77,Convergent,Persona,Convergent
2613,315,78,Convergent,Persona,Convergent
2623,315,78,Convergent,Persona,Convergent
2649,315,78,Convergent,Persona,Convergent
2652,315,78,Convergent,Persona,Convergent
2661,315,78,Convergent,Persona,Convergent
2665,315,78,Convergent,Persona,Convergent
2677,315,78,Convergent,Persona,Convergent
2685,315,78,Convergent,Persona,Convergent
2697,315,78,Convergent,Persona,Convergent
2705,315,78,Convergent,Persona,Convergent
2715,315,78,Convergent,Persona,Convergent
2615,316,79,Convergent,Persona,Convergent
2621,316,79,Convergent,Persona,Convergent
2645,316,79,Convergent,Persona,Convergent
2657,316,79,Convergent,Persona,Convergent
2671,316,79,Convergent,Persona,Convergent
2690,316,79,Convergent,Persona,Convergent
2701,316,79,Convergent,Persona,Convergent
2713,316,79,Convergent,Persona,Convergent
2631,318,81,Convergent,Persona,Convergent
2635,318,81,Convergent,Persona,Convergent
2651,318,81,Convergent,Persona,Convergent
2699,318,81,Convergent,Persona,Convergent
2666,319,80,Convergent,Persona,Convergent
2669,319,80,Convergent,Persona,Convergent
2680,319,80,Convergent,Persona,Convergent
2683,319,80,Convergent,Persona,Convergent
2693,319,80,Convergent,Persona,Convergent
2707,319,80,Convergent,Persona,Convergent
2717,320,76,GPT,GPT,Convergent
2741,320,76,GPT,GPT,Convergent
2748,320,76,GPT,GPT,Convergent
2779,320,76,GPT,GPT,Convergent
2795,320,76,GPT,GPT,Convergent
2718,321,79,GPT,GPT,Convergent
2733,321,79,GPT,GPT,Convergent
2745,321,79,GPT,GPT,Convergent
2765,321,79,GPT,GPT,Convergent
2785,321,79,GPT,GPT,Convergent
2803,321,79,GPT,GPT,Convergent
2723,323,74,GPT,GPT,Convergent
2729,323,74,GPT,GPT,Convergent
2753,323,74,GPT,GPT,Convergent
2767,323,74,GPT,GPT,Convergent
2783,323,74,GPT,GPT,Convergent
2801,323,74,GPT,GPT,Convergent
2805,323,74,GPT,GPT,Convergent
2811,323,74,GPT,GPT,Convergent
2815,323,74,GPT,GPT,Convergent
2724,324,78,GPT,GPT,Convergent
2739,324,78,GPT,GPT,Convergent
2751,324,78,GPT,GPT,Convergent
2761,324,78,GPT,GPT,Convergent
2769,324,78,GPT,GPT,Convergent
2775,324,78,GPT,GPT,Convergent
2781,324,78,GPT,GPT,Convergent
2789,324,78,GPT,GPT,Convergent
2726,325,77,GPT,GPT,Convergent
2735,325,77,GPT,GPT,Convergent
2743,325,77,GPT,GPT,Convergent
2747,325,77,GPT,GPT,Convergent
2763,325,77,GPT,GPT,Convergent
2773,325,77,GPT,GPT,Convergent
2791,325,77,GPT,GPT,Convergent
2799,325,77,GPT,GPT,Convergent
2731,326,81,GPT,GPT,Convergent
2737,326,81,GPT,GPT,Convergent
2754,326,81,GPT,GPT,Convergent
2777,326,81,GPT,GPT,Convergent
2792,326,81,GPT,GPT,Convergent
2809,326,81,GPT,GPT,Convergent
2817,326,81,GPT,GPT,Convergent
2757,327,80,GPT,GPT,Convergent
2759,327,80,GPT,GPT,Convergent
2771,327,80,GPT,GPT,Convergent
2787,327,80,GPT,GPT,Convergent
2797,327,80,GPT,GPT,Convergent
2807,327,80,GPT,GPT,Convergent
2813,327,80,GPT,GPT,Convergent
2819,327,80,GPT,GPT,Convergent
2821,328,82,GPT,GPT,Divergent
2855,328,82,GPT,GPT,Divergent
2881,328,82,GPT,GPT,Divergent
2935,328,82,GPT,GPT,Divergent
2967,328,82,GPT,GPT,Divergent
2997,328,82,GPT,GPT,Divergent
3022,328,82,GPT,GPT,Divergent
2822,329,83,GPT,GPT,Divergent
2844,329,83,GPT,GPT,Divergent
2869,329,83,GPT,GPT,Divergent
2895,329,83,GPT,GPT,Divergent
2908,329,83,GPT,GPT,Divergent
2918,329,83,GPT,GPT,Divergent
2933,329,83,GPT,GPT,Divergent
2947,329,83,GPT,GPT,Divergent
2952,329,83,GPT,GPT,Divergent
2977,329,83,GPT,GPT,Divergent
2995,329,83,GPT,GPT,Divergent
3016,329,83,GPT,GPT,Divergent
3038,329,83,GPT,GPT,Divergent
2825,330,84,GPT,GPT,Divergent
2861,330,84,GPT,GPT,Divergent
2880,330,84,GPT,GPT,Divergent
2901,330,84,GPT,GPT,Divergent
2969,330,84,GPT,GPT,Divergent
3041,330,84,GPT,GPT,Divergent
2829,332,85,GPT,GPT,Divergent
2853,332,85,GPT,GPT,Divergent
2885,332,85,GPT,GPT,Divergent
2921,332,85,GPT,GPT,Divergent
2945,332,85,GPT,GPT,Divergent
2973,332,85,GPT,GPT,Divergent
2988,332,85,GPT,GPT,Divergent
3001,332,85,GPT,GPT,Divergent
3011,332,85,GPT,GPT,Divergent
3029,332,85,GPT,GPT,Divergent
3031,332,85,GPT,GPT,Divergent
2830,333,86,GPT,GPT,Divergent
2843,333,86,GPT,GPT,Divergent
2867,333,86,GPT,GPT,Divergent
2887,333,86,GPT,GPT,Divergent
2903,333,86,GPT,GPT,Divergent
2917,333,86,GPT,GPT,Divergent
2931,333,86,GPT,GPT,Divergent
2957,333,86,GPT,GPT,Divergent
2968,333,86,GPT,GPT,Divergent
2833,334,87,GPT,GPT,Divergent
2847,334,87,GPT,GPT,Divergent
2893,334,87,GPT,GPT,Divergent
2913,334,87,GPT,GPT,Divergent
2927,334,87,GPT,GPT,Divergent
2948,334,87,GPT,GPT,Divergent
2963,334,87,GPT,GPT,Divergent
3007,334,87,GPT,GPT,Divergent
3026,334,87,GPT,GPT,Divergent
3033,334,87,GPT,GPT,Divergent
2834,335,88,GPT,GPT,Divergent
2851,335,88,GPT,GPT,Divergent
2873,335,88,GPT,GPT,Divergent
2889,335,88,GPT,GPT,Divergent
2915,335,88,GPT,GPT,Divergent
2991,335,88,GPT,GPT,Divergent
2837,336,89,GPT,GPT,Divergent
2854,336,89,GPT,GPT,Divergent
2875,336,89,GPT,GPT,Divergent
2879,336,89,GPT,GPT,Divergent
2899,336,89,GPT,GPT,Divergent
2924,336,89,GPT,GPT,Divergent
2941,336,89,GPT,GPT,Divergent
2959,336,89,GPT,GPT,Divergent
2974,336,89,GPT,GPT,Divergent
2992,336,89,GPT,GPT,Divergent
3003,336,89,GPT,GPT,Divergent
3009,336,89,GPT,GPT,Divergent
3021,336,89,GPT,GPT,Divergent
3037,336,89,GPT,GPT,Divergent
2839,337,90,GPT,GPT,Divergent
2864,337,90,GPT,GPT,Divergent
2877,337,90,GPT,GPT,Divergent
2891,337,90,GPT,GPT,Divergent
2905,337,90,GPT,GPT,Divergent
2939,337,90,GPT,GPT,Divergent
2961,337,90,GPT,GPT,Divergent
2987,337,90,GPT,GPT,Divergent
3010,337,90,GPT,GPT,Divergent
3035,337,90,GPT,GPT,Divergent
2841,338,91,GPT,GPT,Divergent
2858,338,91,GPT,GPT,Divergent
2871,338,91,GPT,GPT,Divergent
2896,338,91,GPT,GPT,Divergent
2911,338,91,GPT,GPT,Divergent
2929,338,91,GPT,GPT,Divergent
2951,338,91,GPT,GPT,Divergent
2983,338,91,GPT,GPT,Divergent
2999,338,91,GPT,GPT,Divergent
3017,338,91,GPT,GPT,Divergent
2848,339,92,GPT,GPT,Divergent
2863,339,92,GPT,GPT,Divergent
2907,339,92,GPT,GPT,Divergent
2923,339,92,GPT,GPT,Divergent
2937,339,92,GPT,GPT,Divergent
2943,339,92,GPT,GPT,Divergent
2955,339,92,GPT,GPT,Divergent
2965,339,92,GPT,GPT,Divergent
2978,339,92,GPT,GPT,Divergent
2981,339,92,GPT,GPT,Divergent
2985,339,92,GPT,GPT,Divergent
3005,339,92,GPT,GPT,Divergent
3015,339,92,GPT,GPT,Divergent
3025,339,92,GPT,GPT,Divergent
3043,340,84,Divergent,Persona,Divergent
3067,340,84,Divergent,Persona,Divergent
3098,340,84,Divergent,Persona,Divergent
3121,340,84,Divergent,Persona,Divergent
3145,340,84,Divergent,Persona,Divergent
3205,340,84,Divergent,Persona,Divergent
3219,340,84,Divergent,Persona,Divergent
3045,341,88,Divergent,Persona,Divergent
3063,341,88,Divergent,Persona,Divergent
3089,341,88,Divergent,Persona,Divergent
3119,341,88,Divergent,Persona,Divergent
3137,341,88,Divergent,Persona,Divergent
3173,341,88,Divergent,Persona,Divergent
3195,341,88,Divergent,Persona,Divergent
3047,342,85,Divergent,Persona,Divergent
3065,342,85,Divergent,Persona,Divergent
3105,342,85,Divergent,Persona,Divergent
3142,342,85,Divergent,Persona,Divergent
3175,342,85,Divergent,Persona,Divergent
3187,342,85,Divergent,Persona,Divergent
3209,342,85,Divergent,Persona,Divergent
3221,342,85,Divergent,Persona,Divergent
3049,343,89,Divergent,Persona,Divergent
3081,343,89,Divergent,Persona,Divergent
3091,343,89,Divergent,Persona,Divergent
3109,343,89,Divergent,Persona,Divergent
3123,343,89,Divergent,Persona,Divergent
3153,343,89,Divergent,Persona,Divergent
3165,343,89,Divergent,Persona,Divergent
3189,343,89,Divergent,Persona,Divergent
3213,343,89,Divergent,Persona,Divergent
3227,343,89,Divergent,Persona,Divergent
3051,344,86,Divergent,Persona,Divergent
3073,344,86,Divergent,Persona,Divergent
3101,344,86,Divergent,Persona,Divergent
3114,344,86,Divergent,Persona,Divergent
3127,344,86,Divergent,Persona,Divergent
3141,344,86,Divergent,Persona,Divergent
3155,344,86,Divergent,Persona,Divergent
3161,344,86,Divergent,Persona,Divergent
3167,344,86,Divergent,Persona,Divergent
3185,344,86,Divergent,Persona,Divergent
3054,346,91,Divergent,Persona,Divergent
3077,346,91,Divergent,Persona,Divergent
3107,346,91,Divergent,Persona,Divergent
3129,346,91,Divergent,Persona,Divergent
3147,346,91,Divergent,Persona,Divergent
3169,346,91,Divergent,Persona,Divergent
3197,346,91,Divergent,Persona,Divergent
3211,346,91,Divergent,Persona,Divergent
3225,346,91,Divergent,Persona,Divergent
3057,347,90,Divergent,Persona,Divergent
3075,347,90,Divergent,Persona,Divergent
3093,347,90,Divergent,Persona,Divergent
3111,347,90,Divergent,Persona,Divergent
3133,347,90,Divergent,Persona,Divergent
3151,347,90,Divergent,Persona,Divergent
3170,347,90,Divergent,Persona,Divergent
3181,347,90,Divergent,Persona,Divergent
3059,348,83,Divergent,Persona,Divergent
3070,348,83,Divergent,Persona,Divergent
3097,348,83,Divergent,Persona,Divergent
3103,348,83,Divergent,Persona,Divergent
3117,348,83,Divergent,Persona,Divergent
3139,348,83,Divergent,Persona,Divergent
3159,348,83,Divergent,Persona,Divergent
3177,348,83,Divergent,Persona,Divergent
3182,348,83,Divergent,Persona,Divergent
3191,348,83,Divergent,Persona,Divergent
3193,348,83,Divergent,Persona,Divergent
3207,348,83,Divergent,Persona,Divergent
3215,348,83,Divergent,Persona,Divergent
3229,348,83,Divergent,Persona,Divergent
3061,349,82,Divergent,Persona,Divergent
3079,349,82,Divergent,Persona,Divergent
3112,349,82,Divergent,Persona,Divergent
3131,349,82,Divergent,Persona,Divergent
3149,349,82,Divergent,Persona,Divergent
3179,349,82,Divergent,Persona,Divergent
3199,349,82,Divergent,Persona,Divergent
3231,349,82,Divergent,Persona,Divergent
3069,350,87,Divergent,Persona,Divergent
3083,350,87,Divergent,Persona,Divergent
3125,350,87,Divergent,Persona,Divergent
3162,350,87,Divergent,Persona,Divergent
3201,350,87,Divergent,Persona,Divergent
3217,350,87,Divergent,Persona,Divergent
3084,351,92,Divergent,Persona,Divergent
3087,351,92,Divergent,Persona,Divergent
3095,351,92,Divergent,Persona,Divergent
3135,351,92,Divergent,Persona,Divergent
3157,351,92,Divergent,Persona,Divergent
3202,351,92,Divergent,Persona,Divergent
3223,351,92,Divergent,Persona,Divergent
3233,352,93,GPT,GPT,Convergent
3241,352,93,GPT,GPT,Convergent
3255,352,93,GPT,GPT,Convergent
3259,352,93,GPT,GPT,Convergent
3267,352,93,GPT,GPT,Convergent
3271,352,93,GPT,GPT,Convergent
3273,352,93,GPT,GPT,Convergent
3275,352,93,GPT,GPT,Convergent
3287,352,93,GPT,GPT,Convergent
3297,352,93,GPT,GPT,Convergent
3311,352,93,GPT,GPT,Convergent
3236,354,94,GPT,GPT,Convergent
3243,354,94,GPT,GPT,Convergent
3263,354,94,GPT,GPT,Convergent
3281,354,94,GPT,GPT,Convergent
3285,354,94,GPT,GPT,Convergent
3295,354,94,GPT,GPT,Convergent
3305,354,94,GPT,GPT,Convergent
3313,354,94,GPT,GPT,Convergent
3321,354,94,GPT,GPT,Convergent
3325,354,94,GPT,GPT,Convergent
3239,355,95,GPT,GPT,Convergent
3277,355,95,GPT,GPT,Convergent
3309,355,95,GPT,GPT,Convergent
3319,355,95,GPT,GPT,Convergent
3327,355,95,GPT,GPT,Convergent
3245,356,96,GPT,GPT,Convergent
3247,356,96,GPT,GPT,Convergent
3257,356,96,GPT,GPT,Convergent
3279,356,96,GPT,GPT,Convergent
3291,356,96,GPT,GPT,Convergent
3303,356,96,GPT,GPT,Convergent
3323,356,96,GPT,GPT,Convergent
3249,357,97,GPT,GPT,Convergent
3251,357,97,GPT,GPT,Convergent
3261,357,97,GPT,GPT,Convergent
3293,357,97,GPT,GPT,Convergent
3301,357,97,GPT,GPT,Convergent
3315,357,97,GPT,GPT,Convergent
3253,358,98,GPT,GPT,Convergent
3265,358,98,GPT,GPT,Convergent
3268,358,98,GPT,GPT,Convergent
3283,358,98,GPT,GPT,Convergent
3289,358,98,GPT,GPT,Convergent
3299,358,98,GPT,GPT,Convergent
3307,358,98,GPT,GPT,Convergent
3317,358,98,GPT,GPT,Convergent
3333,361,94,Convergent,Persona,Convergent
3339,361,94,Convergent,Persona,Convergent
3361,361,94,Convergent,Persona,Convergent
3367,361,94,Convergent,Persona,Convergent
3379,361,94,Convergent,Persona,Convergent
3385,361,94,Convergent,Persona,Convergent
3403,361,94,Convergent,Persona,Convergent
3415,361,94,Convergent,Persona,Convergent
3425,361,94,Convergent,Persona,Convergent
3431,361,94,Convergent,Persona,Convergent
3435,361,94,Convergent,Persona,Convergent
3335,362,93,Convergent,Persona,Convergent
3341,362,93,Convergent,Persona,Convergent
3357,362,93,Convergent,Persona,Convergent
3363,362,93,Convergent,Persona,Convergent
3371,362,93,Convergent,Persona,Convergent
3377,362,93,Convergent,Persona,Convergent
3383,362,93,Convergent,Persona,Convergent
3393,362,93,Convergent,Persona,Convergent
3400,362,93,Convergent,Persona,Convergent
3337,363,98,Convergent,Persona,Convergent
3349,363,98,Convergent,Persona,Convergent
3364,363,98,Convergent,Persona,Convergent
3375,363,98,Convergent,Persona,Convergent
3387,363,98,Convergent,Persona,Convergent
3395,363,98,Convergent,Persona,Convergent
3405,363,98,Convergent,Persona,Convergent
3413,363,98,Convergent,Persona,Convergent
3421,363,98,Convergent,Persona,Convergent
3433,363,98,Convergent,Persona,Convergent
3437,363,98,Convergent,Persona,Convergent
3343,364,96,Convergent,Persona,Convergent
3345,364,96,Convergent,Persona,Convergent
3355,364,96,Convergent,Persona,Convergent
3381,364,96,Convergent,Persona,Convergent
3389,364,96,Convergent,Persona,Convergent
3399,364,96,Convergent,Persona,Convergent
3406,364,96,Convergent,Persona,Convergent
3409,364,96,Convergent,Persona,Convergent
3423,364,96,Convergent,Persona,Convergent
3427,364,96,Convergent,Persona,Convergent
3439,364,96,Convergent,Persona,Convergent
3347,365,97,Convergent,Persona,Convergent
3353,365,97,Convergent,Persona,Convergent
3369,365,97,Convergent,Persona,Convergent
3391,365,97,Convergent,Persona,Convergent
3417,365,97,Convergent,Persona,Convergent
3428,365,97,Convergent,Persona,Convergent
3351,366,95,Convergent,Persona,Convergent
3359,366,95,Convergent,Persona,Convergent
3373,366,95,Convergent,Persona,Convergent
3397,366,95,Convergent,Persona,Convergent
3411,366,95,Convergent,Persona,Convergent
3419,366,95,Convergent,Persona,Convergent
3441,366,95,Convergent,Persona,Convergent
3445,368,100,Convergent,Persona,Convergent
3501,368,100,Convergent,Persona,Convergent
3558,368,100,Convergent,Persona,Convergent
3621,368,100,Convergent,Persona,Convergent
3683,368,100,Convergent,Persona,Convergent
3719,368,100,Convergent,Persona,Convergent
3811,368,100,Convergent,Persona,Convergent
3448,370,102,Convergent,Persona,Convergent
3455,370,102,Convergent,Persona,Convergent
3463,370,102,Convergent,Persona,Convergent
3481,370,102,Convergent,Persona,Convergent
3513,370,102,Convergent,Persona,Convergent
3583,370,102,Convergent,Persona,Convergent
3599,370,102,Convergent,Persona,Convergent
3643,370,102,Convergent,Persona,Convergent
3671,370,102,Convergent,Persona,Convergent
3696,370,102,Convergent,Persona,Convergent
3713,370,102,Convergent,Persona,Convergent
3731,370,102,Convergent,Persona,Convergent
3753,370,102,Convergent,Persona,Convergent
3770,370,102,Convergent,Persona,Convergent
3783,370,102,Convergent,Persona,Convergent
3789,370,102,Convergent,Persona,Convergent
3797,370,102,Convergent,Persona,Convergent
3808,370,102,Convergent,Persona,Convergent
3453,372,104,Convergent,Persona,Convergent
3457,372,104,Convergent,Persona,Convergent
3492,372,104,Convergent,Persona,Convergent
3511,372,104,Convergent,Persona,Convergent
3531,372,104,Convergent,Persona,Convergent
3547,372,104,Convergent,Persona,Convergent
3571,372,104,Convergent,Persona,Convergent
3601,372,104,Convergent,Persona,Convergent
3615,372,104,Convergent,Persona,Convergent
3625,372,104,Convergent,Persona,Convergent
3641,372,104,Convergent,Persona,Convergent
3651,372,104,Convergent,Persona,Convergent
3662,372,104,Convergent,Persona,Convergent
3675,372,104,Convergent,Persona,Convergent
3688,372,104,Convergent,Persona,Convergent
3732,372,104,Convergent,Persona,Convergent
3745,372,104,Convergent,Persona,Convergent
3764,372,104,Convergent,Persona,Convergent
3775,372,104,Convergent,Persona,Convergent
3785,372,104,Convergent,Persona,Convergent
3818,372,104,Convergent,Persona,Convergent
3825,372,104,Convergent,Persona,Convergent
3459,373,105,Convergent,Persona,Convergent
3484,373,105,Convergent,Persona,Convergent
3543,373,105,Convergent,Persona,Convergent
3579,373,105,Convergent,Persona,Convergent
3649,373,105,Convergent,Persona,Convergent
3695,373,105,Convergent,Persona,Convergent
3725,373,105,Convergent,Persona,Convergent
3749,373,105,Convergent,Persona,Convergent
3780,373,105,Convergent,Persona,Convergent
3798,373,105,Convergent,Persona,Convergent
3831,373,105,Convergent,Persona,Convergent
3461,374,106,Convergent,Persona,Convergent
3497,374,106,Convergent,Persona,Convergent
3537,374,106,Convergent,Persona,Convergent
3567,374,106,Convergent,Persona,Convergent
3623,374,106,Convergent,Persona,Convergent
3673,374,106,Convergent,Persona,Convergent
3709,374,106,Convergent,Persona,Convergent
3748,374,106,Convergent,Persona,Convergent
3791,374,106,Convergent,Persona,Convergent
3465,375,107,Convergent,Persona,Convergent
3517,375,107,Convergent,Persona,Convergent
3522,375,107,Convergent,Persona,Convergent
3557,375,107,Convergent,Persona,Convergent
3577,375,107,Convergent,Persona,Convergent
3636,375,107,Convergent,Persona,Convergent
3666,375,107,Convergent,Persona,Convergent
3736,375,107,Convergent,Persona,Convergent
3760,375,107,Convergent,Persona,Convergent
3469,377,109,Convergent,Persona,Convergent
3499,377,109,Convergent,Persona,Convergent
3569,377,109,Convergent,Persona,Convergent
3592,377,109,Convergent,Persona,Convergent
3605,377,109,Convergent,Persona,Convergent
3659,377,109,Convergent,Persona,Convergent
3700,377,109,Convergent,Persona,Convergent
3721,377,109,Convergent,Persona,Convergent
3754,377,109,Convergent,Persona,Convergent
3812,377,109,Convergent,Persona,Convergent
3835,377,109,Convergent,Persona,Convergent
3470,378,110,Convergent,Persona,Convergent
3485,378,110,Convergent,Persona,Convergent
3544,378,110,Convergent,Persona,Convergent
3584,378,110,Convergent,Persona,Convergent
3645,378,110,Convergent,Persona,Convergent
3657,378,110,Convergent,Persona,Convergent
3739,378,110,Convergent,Persona,Convergent
3773,378,110,Convergent,Persona,Convergent
3475,380,112,Convergent,Persona,Convergent
3495,380,112,Convergent,Persona,Convergent
3527,380,112,Convergent,Persona,Convergent
3539,380,112,Convergent,Persona,Convergent
3565,380,112,Convergent,Persona,Convergent
3610,380,112,Convergent,Persona,Convergent
3637,380,112,Convergent,Persona,Convergent
3681,380,112,Convergent,Persona,Convergent
3699,380,112,Convergent,Persona,Convergent
3707,380,112,Convergent,Persona,Convergent
3743,380,112,Convergent,Persona,Convergent
3827,380,112,Convergent,Persona,Convergent
3477,381,113,Convergent,Persona,Convergent
3514,381,113,Convergent,Persona,Convergent
3549,381,113,Convergent,Persona,Convergent
3618,381,113,Convergent,Persona,Convergent
3668,381,113,Convergent,Persona,Convergent
3740,381,113,Convergent,Persona,Convergent
3800,381,113,Convergent,Persona,Convergent
3822,381,113,Convergent,Persona,Convergent
3483,382,114,Convergent,Persona,Convergent
3509,382,114,Convergent,Persona,Convergent
3573,382,114,Convergent,Persona,Convergent
3591,382,114,Convergent,Persona,Convergent
3635,382,114,Convergent,Persona,Convergent
3691,382,114,Convergent,Persona,Convergent
3717,382,114,Convergent,Persona,Convergent
3763,382,114,Convergent,Persona,Convergent
3796,382,114,Convergent,Persona,Convergent
3828,382,114,Convergent,Persona,Convergent
3503,384,108,Convergent,Persona,Convergent
3507,384,108,Convergent,Persona,Convergent
3519,384,108,Convergent,Persona,Convergent
3541,384,108,Convergent,Persona,Convergent
3563,384,108,Convergent,Persona,Convergent
3595,384,108,Convergent,Persona,Convergent
3629,384,108,Convergent,Persona,Convergent
3661,384,108,Convergent,Persona,Convergent
3693,384,108,Convergent,Persona,Convergent
3711,384,108,Convergent,Persona,Convergent
3735,384,108,Convergent,Persona,Convergent
3759,384,108,Convergent,Persona,Convergent
3795,384,108,Convergent,Persona,Convergent
3821,384,108,Convergent,Persona,Convergent
3529,385,116,Convergent,Persona,Convergent
3551,385,116,Convergent,Persona,Convergent
3575,385,116,Convergent,Persona,Convergent
3609,385,116,Convergent,Persona,Convergent
3627,385,116,Convergent,Persona,Convergent
3655,385,116,Convergent,Persona,Convergent
3687,385,116,Convergent,Persona,Convergent
3724,385,116,Convergent,Persona,Convergent
3757,385,116,Convergent,Persona,Convergent
3774,385,116,Convergent,Persona,Convergent
3602,386,117,Convergent,Persona,Convergent
3606,386,117,Convergent,Persona,Convergent
3613,386,117,Convergent,Persona,Convergent
3633,386,117,Convergent,Persona,Convergent
3665,386,117,Convergent,Persona,Convergent
3703,386,117,Convergent,Persona,Convergent
3723,386,117,Convergent,Persona,Convergent
3779,386,117,Convergent,Persona,Convergent
3787,386,117,Convergent,Persona,Convergent
3805,386,117,Convergent,Persona,Convergent
3813,386,117,Convergent,Persona,Convergent
3833,386,117,Convergent,Persona,Convergent
3842,390,107,GPT,GPT,Convergent
3873,390,107,GPT,GPT,Convergent
3936,390,107,GPT,GPT,Convergent
3999,390,107,GPT,GPT,Convergent
4092,390,107,GPT,GPT,Convergent
4115,390,107,GPT,GPT,Convergent
3843,391,102,GPT,GPT,Convergent
3882,391,102,GPT,GPT,Convergent
3927,391,102,GPT,GPT,Convergent
3953,391,102,GPT,GPT,Convergent
3995,391,102,GPT,GPT,Convergent
4022,391,102,GPT,GPT,Convergent
4059,391,102,GPT,GPT,Convergent
4091,391,102,GPT,GPT,Convergent
4112,391,102,GPT,GPT,Convergent
4136,391,102,GPT,GPT,Convergent
4175,391,102,GPT,GPT,Convergent
3845,392,104,GPT,GPT,Convergent
3866,392,104,GPT,GPT,Convergent
3895,392,104,GPT,GPT,Convergent
3917,392,104,GPT,GPT,Convergent
3988,392,104,GPT,GPT,Convergent
4001,392,104,GPT,GPT,Convergent
4029,392,104,GPT,GPT,Convergent
4045,392,104,GPT,GPT,Convergent
4057,392,104,GPT,GPT,Convergent
4072,392,104,GPT,GPT,Convergent
4093,392,104,GPT,GPT,Convergent
4109,392,104,GPT,GPT,Convergent
4125,392,104,GPT,GPT,Convergent
4167,392,104,GPT,GPT,Convergent
4179,392,104,GPT,GPT,Convergent
4197,392,104,GPT,GPT,Convergent
4206,392,104,GPT,GPT,Convergent
4217,392,104,GPT,GPT,Convergent
4221,392,104,GPT,GPT,Convergent
4233,392,104,GPT,GPT,Convergent
4240,392,104,GPT,GPT,Convergent
4255,392,104,GPT,GPT,Convergent
3848,393,108,GPT,GPT,Convergent
3894,393,108,GPT,GPT,Convergent
3923,393,108,GPT,GPT,Convergent
3949,393,108,GPT,GPT,Convergent
3979,393,108,GPT,GPT,Convergent
4036,393,108,GPT,GPT,Convergent
4085,393,108,GPT,GPT,Convergent
4127,393,108,GPT,GPT,Convergent
4138,393,108,GPT,GPT,Convergent
4152,393,108,GPT,GPT,Convergent
4215,393,108,GPT,GPT,Convergent
3850,394,105,GPT,GPT,Convergent
3887,394,105,GPT,GPT,Convergent
3913,394,105,GPT,GPT,Convergent
3921,394,105,GPT,GPT,Convergent
3925,394,105,GPT,GPT,Convergent
3960,394,105,GPT,GPT,Convergent
3965,394,105,GPT,GPT,Convergent
3980,394,105,GPT,GPT,Convergent
4257,394,105,GPT,GPT,Convergent
3853,396,114,GPT,GPT,Convergent
3878,396,114,GPT,GPT,Convergent
3931,396,114,GPT,GPT,Convergent
3969,396,114,GPT,GPT,Convergent
4065,396,114,GPT,GPT,Convergent
4119,396,114,GPT,GPT,Convergent
4169,396,114,GPT,GPT,Convergent
4199,396,114,GPT,GPT,Convergent
4227,396,114,GPT,GPT,Convergent
4239,396,114,GPT,GPT,Convergent
4249,396,114,GPT,GPT,Convergent
3855,397,116,GPT,GPT,Convergent
3904,397,116,GPT,GPT,Convergent
3940,397,116,GPT,GPT,Convergent
3970,397,116,GPT,GPT,Convergent
3986,397,116,GPT,GPT,Convergent
4013,397,116,GPT,GPT,Convergent
4060,397,116,GPT,GPT,Convergent
4135,397,116,GPT,GPT,Convergent
4155,397,116,GPT,GPT,Convergent
4181,397,116,GPT,GPT,Convergent
3859,398,112,GPT,GPT,Convergent
3874,398,112,GPT,GPT,Convergent
3981,398,112,GPT,GPT,Convergent
4015,398,112,GPT,GPT,Convergent
4047,398,112,GPT,GPT,Convergent
4071,398,112,GPT,GPT,Convergent
4123,398,112,GPT,GPT,Convergent
4184,398,112,GPT,GPT,Convergent
4211,398,112,GPT,GPT,Convergent
4241,398,112,GPT,GPT,Convergent
3857,399,100,GPT,GPT,Convergent
3892,399,100,GPT,GPT,Convergent
3934,399,100,GPT,GPT,Convergent
4035,399,100,GPT,GPT,Convergent
4077,399,100,GPT,GPT,Convergent
4097,399,100,GPT,GPT,Convergent
4111,399,100,GPT,GPT,Convergent
3868,401,109,GPT,GPT,Convergent
3884,401,109,GPT,GPT,Convergent
3933,401,109,GPT,GPT,Convergent
3954,401,109,GPT,GPT,Convergent
3971,401,109,GPT,GPT,Convergent
3993,401,109,GPT,GPT,Convergent
4008,401,109,GPT,GPT,Convergent
4021,401,109,GPT,GPT,Convergent
4031,401,109,GPT,GPT,Convergent
4050,401,109,GPT,GPT,Convergent
4069,401,109,GPT,GPT,Convergent
4089,401,109,GPT,GPT,Convergent
4103,401,109,GPT,GPT,Convergent
4117,401,109,GPT,GPT,Convergent
4129,401,109,GPT,GPT,Convergent
4143,401,109,GPT,GPT,Convergent
4149,401,109,GPT,GPT,Convergent
4163,401,109,GPT,GPT,Convergent
4173,401,109,GPT,GPT,Convergent
4183,401,109,GPT,GPT,Convergent
4201,401,109,GPT,GPT,Convergent
3871,402,117,GPT,GPT,Convergent
3898,402,117,GPT,GPT,Convergent
3915,402,117,GPT,GPT,Convergent
3963,402,117,GPT,GPT,Convergent
3991,402,117,GPT,GPT,Convergent
4018,402,117,GPT,GPT,Convergent
4025,402,117,GPT,GPT,Convergent
4049,402,117,GPT,GPT,Convergent
4067,402,117,GPT,GPT,Convergent
4081,402,117,GPT,GPT,Convergent
4098,402,117,GPT,GPT,Convergent
4105,402,117,GPT,GPT,Convergent
4141,402,117,GPT,GPT,Convergent
4176,402,117,GPT,GPT,Convergent
4193,402,117,GPT,GPT,Convergent
4209,402,117,GPT,GPT,Convergent
4247,402,117,GPT,GPT,Convergent
4253,402,117,GPT,GPT,Convergent
3876,403,113,GPT,GPT,Convergent
3911,403,113,GPT,GPT,Convergent
3928,403,113,GPT,GPT,Convergent
3947,403,113,GPT,GPT,Convergent
4003,403,113,GPT,GPT,Convergent
4033,403,113,GPT,GPT,Convergent
4106,403,113,GPT,GPT,Convergent
4147,403,113,GPT,GPT,Convergent
4185,403,113,GPT,GPT,Convergent
4205,403,113,GPT,GPT,Convergent
4229,403,113,GPT,GPT,Convergent
4245,403,113,GPT,GPT,Convergent
4250,403,113,GPT,GPT,Convergent
3875,404,106,GPT,GPT,Convergent
3903,404,106,GPT,GPT,Convergent
3958,404,106,GPT,GPT,Convergent
4005,404,106,GPT,GPT,Convergent
4061,404,106,GPT,GPT,Convergent
4101,404,106,GPT,GPT,Convergent
4120,404,106,GPT,GPT,Convergent
4142,404,106,GPT,GPT,Convergent
4189,404,106,GPT,GPT,Convergent
4210,404,106,GPT,GPT,Convergent
4223,404,106,GPT,GPT,Convergent
3935,406,110,GPT,GPT,Convergent
3943,406,110,GPT,GPT,Convergent
4009,406,110,GPT,GPT,Convergent
4027,406,110,GPT,GPT,Convergent
4043,406,110,GPT,GPT,Convergent
4159,406,110,GPT,GPT,Convergent
4262,411,118,Divergent,Persona,Divergent
4294,411,118,Divergent,Persona,Divergent
4315,411,118,Divergent,Persona,Divergent
4331,411,118,Divergent,Persona,Divergent
4363,411,118,Divergent,Persona,Divergent
4266,413,119,Divergent,Persona,Divergent
4273,413,119,Divergent,Persona,Divergent
4335,413,119,Divergent,Persona,Divergent
4357,413,119,Divergent,Persona,Divergent
4379,413,119,Divergent,Persona,Divergent
4269,414,120,Divergent,Persona,Divergent
4282,414,120,Divergent,Persona,Divergent
4323,414,120,Divergent,Persona,Divergent
4337,414,120,Divergent,Persona,Divergent
4355,414,120,Divergent,Persona,Divergent
4375,414,120,Divergent,Persona,Divergent
4271,415,121,Divergent,Persona,Divergent
4289,415,121,Divergent,Persona,Divergent
4317,415,121,Divergent,Persona,Divergent
4351,415,121,Divergent,Persona,Divergent
4371,415,121,Divergent,Persona,Divergent
4274,416,122,Divergent,Persona,Divergent
4277,416,122,Divergent,Persona,Divergent
4293,416,122,Divergent,Persona,Divergent
4305,416,122,Divergent,Persona,Divergent
4309,416,122,Divergent,Persona,Divergent
4325,416,122,Divergent,Persona,Divergent
4329,416,122,Divergent,Persona,Divergent
4333,416,122,Divergent,Persona,Divergent
4341,416,122,Divergent,Persona,Divergent
4344,416,122,Divergent,Persona,Divergent
4348,416,122,Divergent,Persona,Divergent
4359,416,122,Divergent,Persona,Divergent
4367,416,122,Divergent,Persona,Divergent
4291,418,124,Divergent,Persona,Divergent
4299,418,124,Divergent,Persona,Divergent
4343,418,124,Divergent,Persona,Divergent
4364,418,124,Divergent,Persona,Divergent
4377,418,124,Divergent,Persona,Divergent
4385,419,124,GPT,GPT,Divergent
4409,419,124,GPT,GPT,Divergent
4443,419,124,GPT,GPT,Divergent
4479,419,124,GPT,GPT,Divergent
4507,419,124,GPT,GPT,Divergent
4386,420,122,GPT,GPT,Divergent
4397,420,122,GPT,GPT,Divergent
4403,420,122,GPT,GPT,Divergent
4425,420,122,GPT,GPT,Divergent
4427,420,122,GPT,GPT,Divergent
4429,420,122,GPT,GPT,Divergent
4433,420,122,GPT,GPT,Divergent
4449,420,122,GPT,GPT,Divergent
4453,420,122,GPT,GPT,Divergent
4465,420,122,GPT,GPT,Divergent
4481,420,122,GPT,GPT,Divergent
4489,420,122,GPT,GPT,Divergent
4393,423,120,GPT,GPT,Divergent
4411,423,120,GPT,GPT,Divergent
4431,423,120,GPT,GPT,Divergent
4451,423,120,GPT,GPT,Divergent
4487,423,120,GPT,GPT,Divergent
4503,423,120,GPT,GPT,Divergent
4517,423,120,GPT,GPT,Divergent
4396,425,118,GPT,GPT,Divergent
4405,425,118,GPT,GPT,Divergent
4440,425,118,GPT,GPT,Divergent
4457,425,118,GPT,GPT,Divergent
4477,425,118,GPT,GPT,Divergent
4499,425,118,GPT,GPT,Divergent
4511,425,118,GPT,GPT,Divergent
4401,426,121,GPT,GPT,Divergent
4407,426,121,GPT,GPT,Divergent
4435,426,121,GPT,GPT,Divergent
4461,426,121,GPT,GPT,Divergent
4483,426,121,GPT,GPT,Divergent
4509,426,121,GPT,GPT,Divergent
4519,426,121,GPT,GPT,Divergent
4421,428,119,GPT,GPT,Divergent
4423,428,119,GPT,GPT,Divergent
4439,428,119,GPT,GPT,Divergent
4473,428,119,GPT,GPT,Divergent
4485,428,119,GPT,GPT,Divergent
4497,428,119,GPT,GPT,Divergent
4513,428,119,GPT,GPT,Divergent
4525,429,125,GPT,GPT,Divergent
4537,429,125,GPT,GPT,Divergent
4565,429,125,GPT,GPT,Divergent
4579,429,125,GPT,GPT,Divergent
4589,429,125,GPT,GPT,Divergent
4601,429,125,GPT,GPT,Divergent
4607,429,125,GPT,GPT,Divergent
4637,429,125,GPT,GPT,Divergent
4645,429,125,GPT,GPT,Divergent
4655,429,125,GPT,GPT,Divergent
4529,431,126,GPT,GPT,Divergent
4541,431,126,GPT,GPT,Divergent
4555,431,126,GPT,GPT,Divergent
4561,431,126,GPT,GPT,Divergent
4569,431,126,GPT,GPT,Divergent
4575,431,126,GPT,GPT,Divergent
4586,431,126,GPT,GPT,Divergent
4591,431,126,GPT,GPT,Divergent
4599,431,126,GPT,GPT,Divergent
4605,431,126,GPT,GPT,Divergent
4609,431,126,GPT,GPT,Divergent
4615,431,126,GPT,GPT,Divergent
4619,431,126,GPT,GPT,Divergent
4627,431,126,GPT,GPT,Divergent
4635,431,126,GPT,GPT,Divergent
4647,431,126,GPT,GPT,Divergent
4653,431,126,GPT,GPT,Divergent
4531,432,127,GPT,GPT,Divergent
4547,432,127,GPT,GPT,Divergent
4573,432,127,GPT,GPT,Divergent
4594,432,127,GPT,GPT,Divergent
4617,432,127,GPT,GPT,Divergent
4629,432,127,GPT,GPT,Divergent
4649,432,127,GPT,GPT,Divergent
4657,432,127,GPT,GPT,Divergent
4533,433,128,GPT,GPT,Divergent
4538,433,128,GPT,GPT,Divergent
4563,433,128,GPT,GPT,Divergent
4571,433,128,GPT,GPT,Divergent
4585,433,128,GPT,GPT,Divergent
4597,433,128,GPT,GPT,Divergent
4613,433,128,GPT,GPT,Divergent
4621,433,128,GPT,GPT,Divergent
4631,433,128,GPT,GPT,Divergent
4643,433,128,GPT,GPT,Divergent
4535,434,129,GPT,GPT,Divergent
4548,434,129,GPT,GPT,Divergent
4567,434,129,GPT,GPT,Divergent
4580,434,129,GPT,GPT,Divergent
4593,434,129,GPT,GPT,Divergent
4623,434,129,GPT,GPT,Divergent
4633,434,129,GPT,GPT,Divergent
4641,434,129,GPT,GPT,Divergent
4651,434,129,GPT,GPT,Divergent
4545,436,131,GPT,GPT,Divergent
4551,436,131,GPT,GPT,Divergent
4557,436,131,GPT,GPT,Divergent
4603,436,131,GPT,GPT,Divergent
4624,436,131,GPT,GPT,Divergent
4639,436,131,GPT,GPT,Divergent
4577,437,130,GPT,GPT,Divergent
4583,437,130,GPT,GPT,Divergent
4610,437,130,GPT,GPT,Divergent
4660,439,126,Divergent,Persona,Divergent
4667,439,126,Divergent,Persona,Divergent
4687,439,126,Divergent,Persona,Divergent
4695,439,126,Divergent,Persona,Divergent
4697,439,126,Divergent,Persona,Divergent
4705,439,126,Divergent,Persona,Divergent
4713,439,126,Divergent,Persona,Divergent
4721,439,126,Divergent,Persona,Divergent
4729,439,126,Divergent,Persona,Divergent
4736,439,126,Divergent,Persona,Divergent
4749,439,126,Divergent,Persona,Divergent
4759,439,126,Divergent,Persona,Divergent
4766,439,126,Divergent,Persona,Divergent
4663,440,128,Divergent,Persona,Divergent
4670,440,128,Divergent,Persona,Divergent
4701,440,128,Divergent,Persona,Divergent
4715,440,128,Divergent,Persona,Divergent
4741,440,128,Divergent,Persona,Divergent
4753,440,128,Divergent,Persona,Divergent
4761,440,128,Divergent,Persona,Divergent
4665,441,125,Divergent,Persona,Divergent
4679,441,125,Divergent,Persona,Divergent
4688,441,125,Divergent,Persona,Divergent
4703,441,125,Divergent,Persona,Divergent
4711,441,125,Divergent,Persona,Divergent
4723,441,125,Divergent,Persona,Divergent
4733,441,125,Divergent,Persona,Divergent
4757,441,125,Divergent,Persona,Divergent
4769,441,125,Divergent,Persona,Divergent
4668,442,129,Divergent,Persona,Divergent
4676,442,129,Divergent,Persona,Divergent
4699,442,129,Divergent,Persona,Divergent
4719,442,129,Divergent,Persona,Divergent
4738,442,129,Divergent,Persona,Divergent
4747,442,129,Divergent,Persona,Divergent
4765,442,129,Divergent,Persona,Divergent
4673,443,131,Divergent,Persona,Divergent
4675,443,131,Divergent,Persona,Divergent
4693,443,131,Divergent,Persona,Divergent
4707,443,131,Divergent,Persona,Divergent
4725,443,131,Divergent,Persona,Divergent
4735,443,131,Divergent,Persona,Divergent
4743,443,131,Divergent,Persona,Divergent
4754,443,131,Divergent,Persona,Divergent
4762,443,131,Divergent,Persona,Divergent
4681,444,127,Divergent,Persona,Divergent
4683,444,127,Divergent,Persona,Divergent
4709,444,127,Divergent,Persona,Divergent
4731,444,127,Divergent,Persona,Divergent
4751,444,127,Divergent,Persona,Divergent
4771,444,127,Divergent,Persona,Divergent
4685,445,130,Divergent,Persona,Divergent
4691,445,130,Divergent,Persona,Divergent
4717,445,130,Divergent,Persona,Divergent
4727,445,130,Divergent,Persona,Divergent
4745,445,130,Divergent,Persona,Divergent
5029,466,149,Convergent,Persona,Convergent
5037,466,149,Convergent,Persona,Convergent
5047,466,149,Convergent,Persona,Convergent
5057,466,149,Convergent,Persona,Convergent
5061,466,149,Convergent,Persona,Convergent
5073,466,149,Convergent,Persona,Convergent
5083,466,149,Convergent,Persona,Convergent
5031,467,111,Convergent,Persona,Convergent
5043,467,111,Convergent,Persona,Convergent
5045,467,111,Convergent,Persona,Convergent
5053,467,111,Convergent,Persona,Convergent
5055,467,111,Convergent,Persona,Convergent
5063,467,111,Convergent,Persona,Convergent
5067,467,111,Convergent,Persona,Convergent
5079,467,111,Convergent,Persona,Convergent
5081,467,111,Convergent,Persona,Convergent
5033,468,150,Convergent,Persona,Convergent
5041,468,150,Convergent,Persona,Convergent
5049,468,150,Convergent,Persona,Convergent
5051,468,150,Convergent,Persona,Convergent
5065,468,150,Convergent,Persona,Convergent
5071,468,150,Convergent,Persona,Convergent
5077,468,150,Convergent,Persona,Convergent
5087,468,150,Convergent,Persona,Convergent
5035,469,151,Convergent,Persona,Convergent
5039,469,151,Convergent,Persona,Convergent
5059,469,151,Convergent,Persona,Convergent
5069,469,151,Convergent,Persona,Convergent
5075,469,151,Convergent,Persona,Convergent
5085,469,151,Convergent,Persona,Convergent
5089,469,151,Convergent,Persona,Convergent
5091,470,111,GPT,GPT,Convergent
5099,470,111,GPT,GPT,Convergent
5105,470,111,GPT,GPT,Convergent
5111,470,111,GPT,GPT,Convergent
5115,470,111,GPT,GPT,Convergent
5117,470,111,GPT,GPT,Convergent
5127,470,111,GPT,GPT,Convergent
5135,470,111,GPT,GPT,Convergent
5139,470,111,GPT,GPT,Convergent
5093,471,151,GPT,GPT,Convergent
5101,471,151,GPT,GPT,Convergent
5109,471,151,GPT,GPT,Convergent
5119,471,151,GPT,GPT,Convergent
5123,471,151,GPT,GPT,Convergent
5137,471,151,GPT,GPT,Convergent
5095,472,150,GPT,GPT,Convergent
5097,472,150,GPT,GPT,Convergent
5103,472,150,GPT,GPT,Convergent
5107,472,150,GPT,GPT,Convergent
5113,472,150,GPT,GPT,Convergent
5121,472,150,GPT,GPT,Convergent
5125,472,150,GPT,GPT,Convergent
5133,472,150,GPT,GPT,Convergent
5129,473,149,GPT,GPT,Convergent
5131,473,149,GPT,GPT,Convergent
5141,473,149,GPT,GPT,Convergent
5143,473,149,GPT,GPT,Convergent
5145,473,149,GPT,GPT,Convergent
5147,473,149,GPT,GPT,Convergent
5149,473,149,GPT,GPT,Convergent
5151,473,149,GPT,GPT,Convergent
5153,474,152,Convergent,Persona,Convergent
5155,474,152,Convergent,Persona,Convergent
5157,474,152,Convergent,Persona,Convergent
5159,474,152,Convergent,Persona,Convergent
5161,474,152,Convergent,Persona,Convergent
5163,474,152,Convergent,Persona,Convergent
5165,474,152,Convergent,Persona,Convergent
5167,475,152,GPT,GPT,Convergent
5169,475,152,GPT,GPT,Convergent
5171,475,152,GPT,GPT,Convergent
5173,475,152,GPT,GPT,Convergent
5175,475,152,GPT,GPT,Convergent
