model,criterion,n_p,n_c,mean_p,mean_c,diff,t,p,cohen_d,hedges_g,q_fdr,family,n_fam,n_gpt,mean_fam,mean_gpt
I1_condition_effect_episode,exploration_opening,119.0,31.0,3.357142857142857,2.306451612903226,1.0506912442396312,9.216914463715678,4.3068913516236766e-13,1.58653516961432,1.5784816915959732,5.168269621948412e-12,,,,,
I1_condition_effect_episode,reframing_quality,119.0,31.0,2.6470588235294117,1.3709677419354838,1.276091081593928,7.498159751347866,3.3440116627324235e-09,1.7075126642107255,1.6988450872350365,2.006406997639454e-08,,,,,
I1_condition_effect_episode,evaluative_discipline,119.0,31.0,1.7563025210084033,0.9516129032258065,0.8046896177825968,4.342913639774318,7.364157085510197e-05,0.8682985336006226,0.8638909268310763,0.0001767397700522447,,,,,
I1_condition_effect_episode,agency_preservation,119.0,31.0,3.411764705882353,2.9838709677419355,0.4278937381404173,3.3634618773340006,0.0017493594903576807,0.817313288259529,0.8131644898419679,0.0029989019834703095,,,,,
I1_condition_effect_episode,anchor_management,119.0,31.0,2.676470588235294,1.8548387096774193,0.8216318785578747,6.082316311158995,4.4952833854463613e-07,1.5174306451014776,1.509727951471521,1.7981133541785445e-06,,,,,
I1_condition_effect_episode,coregulation_uptake,119.0,31.0,3.1092436974789917,2.629032258064516,0.48021143941447564,3.418646578724198,0.001689611034850249,1.0567210882880942,1.0513570218500836,0.0029989019834703095,,,,,
I1_condition_effect_episode,timing_fit,119.0,31.0,3.8445378151260505,3.3225806451612905,0.52195716996476,4.743738850364962,3.2890268738876054e-05,1.2662304808934597,1.2598029150005994,9.867080621662817e-05,,,,,
I1_condition_effect_episode,implementation_grounding,119.0,31.0,1.9915966386554622,1.8387096774193548,0.15288696123610745,0.8018886211668428,0.4263635692026816,0.15279142160736084,0.15201583063473464,0.46512389367565266,,,,,
I1_condition_effect_episode,cognitive_load_clarity,119.0,31.0,3.403361344537815,3.193548387096774,0.209812957441041,2.01633112157712,0.04999895342664568,0.4347064948825891,0.4324998629288704,0.05999874411197482,,,,,
I1_condition_effect_episode,stance_integrity,119.0,31.0,3.9201680672268906,3.661290322580645,0.2588777446462456,3.0373379141060863,0.004446873940722556,0.8218384464378315,0.8176666776741878,0.006670310911083834,,,,,
I1_condition_effect_episode,premature_convergence_risk,119.0,31.0,0.3445378151260504,0.6451612903225806,-0.3006234751965302,-2.92206048055158,0.005480004044593556,-0.6229146536488904,-0.6197526503308758,0.007306672059458075,,,,,
I1_condition_effect_episode,runaway_divergence_risk,119.0,31.0,0.36554621848739494,0.3387096774193548,0.02683654106804012,0.2010446774010791,0.8417359362363096,0.04976336310271969,0.04951075719864497,0.8417359362363096,,,,,
I7_family_vs_gpt,exploration_opening,,,,,,12.754100836817763,1.332243285647268e-18,,3.05586008042489,,Divergent,42.0,31.0,3.8095238095238093,2.306451612903226
I7_family_vs_gpt,exploration_opening,,,,,,5.995609805425368,9.897470338880246e-08,,1.4397492340659734,,Convergent,36.0,31.0,3.125,2.306451612903226
I7_family_vs_gpt,exploration_opening,,,,,,4.517824493071419,8.458902655560664e-05,,1.374212644455986,,Rational,20.0,31.0,3.175,2.306451612903226
I7_family_vs_gpt,exploration_opening,,,,,,3.73369776500898,0.0007196911793887295,,1.1150044216120634,,BoundedRational,21.0,31.0,3.0238095238095237,2.306451612903226
I7_family_vs_gpt,reframing_quality,,,,,,9.475744038923839,1.633248863881731e-11,,2.4744227123215152,,Divergent,42.0,31.0,2.9523809523809526,1.3709677419354838
I7_family_vs_gpt,reframing_quality,,,,,,5.862909103316544,2.428571588580948e-07,,1.4450093736481595,,Convergent,36.0,31.0,2.513888888888889,1.3709677419354838
I7_family_vs_gpt,reframing_quality,,,,,,5.263197729980393,4.430836622126414e-06,,1.4685566210015146,,Rational,20.0,31.0,2.65,1.3709677419354838
I7_family_vs_gpt,reframing_quality,,,,,,3.501646858705258,0.001116075756430599,,0.9836248835440832,,BoundedRational,21.0,31.0,2.261904761904762,1.3709677419354838
I7_family_vs_gpt,evaluative_discipline,,,,,,3.9222354292587585,0.00024022157657714732,,0.9484006540412673,,Divergent,42.0,31.0,1.7380952380952381,0.9516129032258065
I7_family_vs_gpt,evaluative_discipline,,,,,,3.6131845637164717,0.0005901564422434651,,0.8661223470309702,,Convergent,36.0,31.0,1.8194444444444444,0.9516129032258065
I7_family_vs_gpt,evaluative_discipline,,,,,,5.18982450387381,4.865636129352242e-06,,1.4168819493993137,,Rational,20.0,31.0,2.2,0.9516129032258065
I7_family_vs_gpt,evaluative_discipline,,,,,,1.1388254677996335,0.2614469403425373,,0.3221922842947078,,BoundedRational,21.0,31.0,1.2619047619047619,0.9516129032258065
I7_family_vs_gpt,agency_preservation,,,,,,2.4226938403450773,0.01900700344791739,,0.5979100104955162,,Divergent,42.0,31.0,3.3214285714285716,2.9838709677419355
I7_family_vs_gpt,agency_preservation,,,,,,3.186121013466669,0.0023886250827516147,,0.7891494685264598,,Convergent,36.0,31.0,3.4444444444444446,2.9838709677419355
I7_family_vs_gpt,agency_preservation,,,,,,3.3112996367302414,0.001774536284553484,,0.8795842952028073,,Rational,20.0,31.0,3.525,2.9838709677419355
I7_family_vs_gpt,agency_preservation,,,,,,2.7961912641922173,0.007331908239965321,,0.73234146108912,,BoundedRational,21.0,31.0,3.4285714285714284,2.9838709677419355
I7_family_vs_gpt,anchor_management,,,,,,7.037842556966492,1.3780847769762749e-08,,1.8047784130751647,,Divergent,42.0,31.0,2.8333333333333335,1.8548387096774193
I7_family_vs_gpt,anchor_management,,,,,,4.905008046226248,9.533535445108075e-06,,1.2202006330790758,,Convergent,36.0,31.0,2.5972222222222223,1.8548387096774193
I7_family_vs_gpt,anchor_management,,,,,,5.685916865444461,7.262868544501398e-07,,1.4404098848423748,,Rational,20.0,31.0,2.75,1.8548387096774193
I7_family_vs_gpt,anchor_management,,,,,,2.9903285784011406,0.004496851924211123,,0.8200883256330641,,BoundedRational,21.0,31.0,2.4285714285714284,1.8548387096774193
I7_family_vs_gpt,coregulation_uptake,,,,,,3.2704488514427332,0.0024208335878880554,,0.8668599133224577,,Divergent,42.0,31.0,3.0952380952380953,2.629032258064516
I7_family_vs_gpt,coregulation_uptake,,,,,,3.473412918294805,0.0011344342408419132,,0.8748312654511924,,Convergent,36.0,31.0,3.1666666666666665,2.629032258064516
I7_family_vs_gpt,coregulation_uptake,,,,,,3.1594406660545067,0.0030149314035627576,,0.7489680146637718,,Rational,20.0,31.0,3.1,2.629032258064516
I7_family_vs_gpt,coregulation_uptake,,,,,,2.666706270151244,0.010603895602777238,,0.6529076523073196,,BoundedRational,21.0,31.0,3.0476190476190474,2.629032258064516
I7_family_vs_gpt,timing_fit,,,,,,6.064848216846074,7.88406369954418e-07,,1.6245596883644027,,Divergent,42.0,31.0,3.9761904761904763,3.3225806451612905
I7_family_vs_gpt,timing_fit,,,,,,3.7603479707755163,0.00043105514056556707,,0.9356423837766216,,Convergent,36.0,31.0,3.7916666666666665,3.3225806451612905
I7_family_vs_gpt,timing_fit,,,,,,3.957842171349067,0.00024413408201987965,,1.0150926625162962,,Rational,20.0,31.0,3.85,3.3225806451612905
I7_family_vs_gpt,timing_fit,,,,,,2.3762215051971367,0.02145128847106315,,0.6306065753337469,,BoundedRational,21.0,31.0,3.6666666666666665,3.3225806451612905
I7_family_vs_gpt,implementation_grounding,,,,,,0.35717229181688986,0.7221296295716525,,0.08379753031543992,,Divergent,42.0,31.0,1.9166666666666667,1.8387096774193548
I7_family_vs_gpt,implementation_grounding,,,,,,1.1028769038546846,0.27414848545099607,,0.26372693699873734,,Convergent,36.0,31.0,2.111111111111111,1.8387096774193548
I7_family_vs_gpt,implementation_grounding,,,,,,1.1065590074997014,0.2747878152218839,,0.3095581988317048,,Rational,20.0,31.0,2.125,1.8387096774193548
I7_family_vs_gpt,implementation_grounding,,,,,,-0.09359350405846104,0.9259610422981756,,-0.027425169005898174,,BoundedRational,21.0,31.0,1.8095238095238095,1.8387096774193548
I7_family_vs_gpt,cognitive_load_clarity,,,,,,0.49314502781142733,0.6238579538949499,,0.11967964197000425,,Divergent,42.0,31.0,3.25,3.193548387096774
I7_family_vs_gpt,cognitive_load_clarity,,,,,,3.031401389295665,0.0035625900728232184,,0.7393377860864865,,Convergent,36.0,31.0,3.5694444444444446,3.193548387096774
I7_family_vs_gpt,cognitive_load_clarity,,,,,,1.5907307863431333,0.11906336629156816,,0.44284418025994454,,Rational,20.0,31.0,3.425,3.193548387096774
I7_family_vs_gpt,cognitive_load_clarity,,,,,,1.5232266500956446,0.13446930371198698,,0.41361356127519205,,BoundedRational,21.0,31.0,3.4047619047619047,3.193548387096774
I7_family_vs_gpt,stance_integrity,,,,,,3.7042916856749257,0.0007246680308242009,,0.9804421499697373,,Divergent,42.0,31.0,3.9761904761904763,3.661290322580645
I7_family_vs_gpt,stance_integrity,,,,,,3.6068815338108213,0.0009116066492079087,,0.9256156928857542,,Convergent,36.0,31.0,3.9722222222222223,3.661290322580645
I7_family_vs_gpt,stance_integrity,,,,,,2.2360572317967273,0.02994997442174633,,0.5819221377643469,,Rational,20.0,31.0,3.9,3.661290322580645
I7_family_vs_gpt,stance_integrity,,,,,,0.6123846835119455,0.5434176862617378,,0.16912597419560904,,BoundedRational,21.0,31.0,3.738095238095238,3.661290322580645
I7_family_vs_gpt,premature_convergence_risk,,,,,,-3.806545706024265,0.0003520400993440601,,-0.9223284062237828,,Divergent,42.0,31.0,0.21428571428571427,0.6451612903225806
I7_family_vs_gpt,premature_convergence_risk,,,,,,-0.9330556007976495,0.35435288500745477,,-0.2264122846256917,,Convergent,36.0,31.0,0.5277777777777778,0.6451612903225806
I7_family_vs_gpt,premature_convergence_risk,,,,,,-2.718415350889882,0.009274522775812716,,-0.7416258242431394,,Rational,20.0,31.0,0.275,0.6451612903225806
I7_family_vs_gpt,premature_convergence_risk,,,,,,-2.0577699930199778,0.045378728058323034,,-0.563573777467126,,BoundedRational,21.0,31.0,0.35714285714285715,0.6451612903225806
I7_family_vs_gpt,runaway_divergence_risk,,,,,,1.6325085830714294,0.1084308661011945,,0.39879320604750673,,Divergent,42.0,31.0,0.5833333333333334,0.3387096774193548
I7_family_vs_gpt,runaway_divergence_risk,,,,,,-0.7121755074135279,0.4798221147375922,,-0.17868374773237003,,Convergent,36.0,31.0,0.2361111111111111,0.3387096774193548
I7_family_vs_gpt,runaway_divergence_risk,,,,,,-0.23622728170048826,0.8142433481662628,,-0.061380079199488076,,Rational,20.0,31.0,0.3,0.3387096774193548
I7_family_vs_gpt,runaway_divergence_risk,,,,,,-0.8095427374935024,0.42211434174001966,,-0.2043647972428629,,BoundedRational,21.0,31.0,0.21428571428571427,0.3387096774193548
