scorer,contrast,family,criterion,n_a,n_b,mean_a,mean_b,mean_diff,hedges_g,ci_low,ci_high,welch_t,welch_df,p_raw,sig_05
A,Divergent vs GPT,Divergent,exploration_opening,42,29,3.8095238095238093,2.2758620689655173,1.533661740558292,3.1239637556243744,2.425426003875668,3.822501507373081,12.72771904774684,54.32704997129055,6.1983737682024055e-18,True
A,Divergent vs GPT,Divergent,reframing_quality,42,29,2.9285714285714284,1.3448275862068966,1.5837438423645318,2.488666982639097,1.8629748668314248,3.1143590984467693,9.060737633243123,33.6539743408904,1.5047005982842142e-10,True
A,Divergent vs GPT,Divergent,evaluative_discipline,42,29,1.7380952380952381,1.0,0.7380952380952381,0.8929620328347135,0.3974747967629431,1.388449268906484,3.584438635349467,51.04173949323427,0.0007544009801425349,True
A,Divergent vs GPT,Divergent,agency_preservation,42,29,3.3095238095238093,2.9655172413793105,0.3440065681444988,0.6033818988904913,0.11986871402904659,1.086895083751936,2.363759827006294,45.923231565273895,0.022377477464988582,True
A,Divergent vs GPT,Divergent,anchor_management,42,29,2.8095238095238093,1.8275862068965518,0.9819376026272575,1.7768969057376567,1.2207014289884097,2.3330923824869036,6.748417341936536,40.12399264813871,4.1461076979610426e-08,True
A,Divergent vs GPT,Divergent,coregulation_uptake,42,29,3.0476190476190474,2.5517241379310347,0.49589490968801275,0.985921602571945,0.485688881822368,1.486154323321522,3.524939744076294,31.33822549180955,0.0013269046014976458,True
A,Divergent vs GPT,Divergent,timing_fit,42,29,3.9761904761904763,3.2758620689655173,0.7003284072249589,1.753351072414919,1.1991808381759457,2.3075213066538924,6.232257151290199,30.647857784897525,6.66284668677847e-07,True
A,Divergent vs GPT,Divergent,implementation_grounding,42,29,1.9047619047619047,1.793103448275862,0.11165845648604256,0.11615497275898415,-0.35744890991889877,0.5897588554368671,0.4821172248260027,58.454060940187695,0.6315230407451571,False
A,Divergent vs GPT,Divergent,cognitive_load_clarity,42,29,3.238095238095238,3.1379310344827585,0.10016420361247969,0.19920057514976844,-0.27515070756749715,0.673551857867034,0.7903785602718619,48.54869014712756,0.43315065593967234,False
A,Divergent vs GPT,Divergent,stance_integrity,42,29,3.9761904761904763,3.586206896551724,0.3899835796387521,1.1320681410846651,0.623534133223967,1.6406021489453633,4.059236037760482,31.691708430475945,0.0003004209763044465,True
A,Divergent vs GPT,Divergent,premature_convergence_risk,42,29,0.21428571428571427,0.7241379310344828,-0.5098522167487685,-1.086499290420549,-1.5923370034865099,-0.5806615773545881,-4.355335430812993,50.74298524286304,6.462460527098489e-05,True
A,Divergent vs GPT,Divergent,runaway_divergence_risk,42,29,0.5952380952380952,0.27586206896551724,0.319376026272578,0.5880360875305343,0.10503466625908503,1.0710375088019835,2.476215271184437,61.52673327985436,0.016043752965697336,True
A,Convergent vs GPT,Convergent,exploration_opening,36,29,3.111111111111111,2.2758620689655173,0.8352490421455938,1.4176823097171938,0.8712649818663836,1.964099637568004,5.854259199218968,62.81401033210218,1.8907571188805798e-07,True
A,Convergent vs GPT,Convergent,reframing_quality,36,29,2.5,1.3448275862068966,1.1551724137931034,1.4404969172751267,0.8923191634846277,1.9886746710656258,5.686633489478798,51.99582859260118,5.990939179922278e-07,True
A,Convergent vs GPT,Convergent,evaluative_discipline,36,29,1.7777777777777777,1.0,0.7777777777777777,0.7732697228963415,0.2664661684609446,1.2800732773317385,3.1781327892325586,62.39189139809462,0.002306707856925,True
A,Convergent vs GPT,Convergent,agency_preservation,36,29,3.4166666666666665,2.9655172413793105,0.451149425287356,0.7592478196162787,0.25307113915623103,1.2654245000763265,2.980509547397452,50.07417183025671,0.00443227735488111,True
A,Convergent vs GPT,Convergent,anchor_management,36,29,2.5833333333333335,1.8275862068965518,0.7557471264367817,1.2388578312969885,0.7054408526790577,1.7722748099149193,4.84257426376433,48.604179903399114,1.3441038795149619e-05,True
A,Convergent vs GPT,Convergent,coregulation_uptake,36,29,3.138888888888889,2.5517241379310347,0.5871647509578541,0.9936000410953375,0.4755712688966025,1.5116288132940725,3.81487817391749,42.56423190228191,0.00043502137324644813,True
A,Convergent vs GPT,Convergent,timing_fit,36,29,3.7777777777777777,3.2758620689655173,0.5019157088122603,0.9835832746630184,0.46611969494976746,1.5010468543762694,3.849659992747368,49.045814840378924,0.0003427481113456623,True
A,Convergent vs GPT,Convergent,implementation_grounding,36,29,2.0833333333333335,1.793103448275862,0.2902298850574714,0.2770197586349749,-0.2143536239197812,0.768393141189731,1.1357987364111763,62.087289938475024,0.26040617159696017,False
A,Convergent vs GPT,Convergent,cognitive_load_clarity,36,29,3.5277777777777777,3.1379310344827585,0.3898467432950192,0.7123467710057915,0.2081888021457189,1.2165047398658642,2.846535682156787,55.9836396307,0.006166673795459284,True
A,Convergent vs GPT,Convergent,stance_integrity,36,29,3.9722222222222223,3.586206896551724,0.3860153256704981,1.0698573342469655,0.5473597448429112,1.59235492365102,3.9741027802571662,33.000465212290756,0.00036209474479326426,True
A,Convergent vs GPT,Convergent,premature_convergence_risk,36,29,0.5277777777777778,0.7241379310344828,-0.19636015325670497,-0.3760933023792598,-0.8694085360975121,0.11722193133899245,-1.5186518490879386,58.98598700095248,0.13419222146034557,False
A,Convergent vs GPT,Convergent,runaway_divergence_risk,36,29,0.25,0.27586206896551724,-0.025862068965517238,-0.05318423942533709,-0.5423300897096592,0.4359616108589851,-0.21148347245714735,54.41826560942522,0.833300066106352,False
A,Rational vs GPT,Rational,exploration_opening,19,29,3.1052631578947367,2.2758620689655173,0.8294010889292194,1.3195433634850666,0.683669754473323,1.9554169724968102,4.242385329233536,29.930909517527137,0.0001961120417973971,True
A,Rational vs GPT,Rational,reframing_quality,19,29,2.526315789473684,1.3448275862068966,1.1814882032667875,1.3660990074668258,0.7263032565396289,2.0058947583940228,4.857226855835419,42.534906532208275,1.6483372779296704e-05,True
A,Rational vs GPT,Rational,evaluative_discipline,19,29,2.1578947368421053,1.0,1.1578947368421053,1.3146020096950362,0.6791381004670722,1.950065918923,4.713930299140575,43.4258543646599,2.523355292170383e-05,True
A,Rational vs GPT,Rational,agency_preservation,19,29,3.473684210526316,2.9655172413793105,0.5081669691470054,0.805733067372063,0.20520206040240785,1.406264074341718,2.942853376087777,44.9880216434923,0.0051268345248777925,True
A,Rational vs GPT,Rational,anchor_management,19,29,2.6842105263157894,1.8275862068965518,0.8566243194192376,1.3379512525501418,0.7005402261351802,1.9753622789651035,4.994665715930074,45.94570390134902,8.97079551944646e-06,True
A,Rational vs GPT,Rational,coregulation_uptake,19,29,3.0,2.5517241379310347,0.4482758620689653,0.7677473857901257,0.16921108357354786,1.3662836880067035,3.2794123642118334,28.0,0.002782961219123967,True
A,Rational vs GPT,Rational,timing_fit,19,29,3.8421052631578947,3.2758620689655173,0.5662431941923773,1.0762377196157613,0.45897825297290784,1.6934971862586148,4.0604359357370425,45.97463172434119,0.0001886254599695347,True
A,Rational vs GPT,Rational,implementation_grounding,19,29,2.0526315789473686,1.793103448275862,0.2595281306715065,0.2747620577604582,-0.3063398824990074,0.8558639980199239,0.9752853875756643,42.347922632483645,0.3349572191899455,False
A,Rational vs GPT,Rational,cognitive_load_clarity,19,29,3.3684210526315788,3.1379310344827585,0.2304900181488203,0.41288084612151293,-0.17148214389562028,0.9972438361386462,1.470661205333408,42.73132646958783,0.14870862467831247,False
A,Rational vs GPT,Rational,stance_integrity,19,29,3.8947368421052633,3.586206896551724,0.3085299455535391,0.6928926841772446,0.09802257083812072,1.2877627975163684,2.617337222907334,45.95800272010902,0.011956736375199428,True
A,Rational vs GPT,Rational,premature_convergence_risk,19,29,0.3157894736842105,0.7241379310344828,-0.40834845735027225,-0.7897462591916492,-1.3894268411214283,-0.19006567726187007,-2.7783878434655107,41.312546869162745,0.008181970715834548,True
A,Rational vs GPT,Rational,runaway_divergence_risk,19,29,0.3157894736842105,0.27586206896551724,0.03992740471869327,0.07721963423207234,-0.5014832718078817,0.6559225402720263,0.27166458913884983,41.312546869162745,0.7872329397946836,False
A,BoundedRational vs GPT,BoundedRational,exploration_opening,21,29,3.0,2.2758620689655173,0.7241379310344827,1.0578080247596378,0.4591527129500016,1.6564633365692738,3.4949184953074357,31.32029424308078,0.001439293665458775,True
A,BoundedRational vs GPT,BoundedRational,reframing_quality,21,29,2.238095238095238,1.3448275862068966,0.8932676518883416,0.9588361839731806,0.36661942052979923,1.551052947416562,3.3719814362140257,41.93027835114055,0.0016138970324444497,True
A,BoundedRational vs GPT,BoundedRational,evaluative_discipline,21,29,1.2857142857142858,1.0,0.2857142857142858,0.2927825772860014,-0.271748539021298,0.8573136935933008,1.0239670829298042,41.00046506166114,0.3118546389147849,False
A,BoundedRational vs GPT,BoundedRational,agency_preservation,21,29,3.380952380952381,2.9655172413793105,0.41543513957307043,0.6692752992323621,0.09255183370834175,1.2459987647563824,2.4934641428145814,47.9870022518904,0.016151178049051706,True
A,BoundedRational vs GPT,BoundedRational,anchor_management,21,29,2.380952380952381,1.8275862068965518,0.5533661740558291,0.7853130391952373,0.2029951856258646,1.36763089276461,2.811958018185496,44.70993213028223,0.007286694110674066,True
A,BoundedRational vs GPT,BoundedRational,coregulation_uptake,21,29,3.0,2.5517241379310347,0.4482758620689653,0.737691505643737,0.1577709471543407,1.3176120641331333,2.9275234627118394,40.41522320671986,0.005587809809165556,True
A,BoundedRational vs GPT,BoundedRational,timing_fit,21,29,3.619047619047619,3.2758620689655173,0.3431855500821017,0.6094591086513689,0.03528879119008421,1.1836294261126534,2.2221220514050213,46.836838191179176,0.031142839653244398,True
A,BoundedRational vs GPT,BoundedRational,implementation_grounding,21,29,1.8095238095238095,1.793103448275862,0.016420361247947435,0.014963959680806554,-0.54665058871046,0.5765785080720731,0.051271467732135347,37.426319037578914,0.9593818780751064,False
A,BoundedRational vs GPT,BoundedRational,cognitive_load_clarity,21,29,3.3333333333333335,3.1379310344827585,0.19540229885057503,0.3546787852525107,-0.21121424171143838,0.9205718122164597,1.2955923645862728,47.0030595965766,0.20144271605218914,False
A,BoundedRational vs GPT,BoundedRational,stance_integrity,21,29,3.7142857142857144,3.586206896551724,0.1280788177339902,0.2595944585559541,-0.30431255997011364,0.8235014770820218,0.932444838157083,45.13678563328513,0.35606783629173905,False
A,BoundedRational vs GPT,BoundedRational,premature_convergence_risk,21,29,0.3333333333333333,0.7241379310344828,-0.39080459770114945,-0.7550048654315625,-1.335780778745998,-0.17422895211712708,-2.715720293334644,45.32029357967658,0.009327109639320208,True
A,BoundedRational vs GPT,BoundedRational,runaway_divergence_risk,21,29,0.23809523809523808,0.27586206896551724,-0.037766830870279156,-0.07560969285495077,-0.6374120748585199,0.48619268914861835,-0.27641715183496657,47.07219600634123,0.7834377615950789,False
C,Divergent vs GPT,Divergent,exploration_opening,50,50,2.82,1.34,1.4799999999999998,1.7553659248700308,1.2940094537373696,2.216722396002692,8.84469170907451,97.90293671396853,3.906052186185137e-14,True
C,Divergent vs GPT,Divergent,reframing_quality,50,50,1.92,0.36,1.56,1.9589208707573176,1.4820852368715054,2.43575650464313,9.870335830748857,90.06939885732952,5.271760902660249e-16,True
C,Divergent vs GPT,Divergent,evaluative_discipline,15,42,0.4,0.19047619047619047,0.20952380952380956,0.34204536446991796,-0.25084236574177055,0.9349330946816065,1.0053336420779193,19.89431405994655,0.32680829409179557,False
C,Divergent vs GPT,Divergent,agency_preservation,50,50,2.96,2.1,0.8599999999999999,0.9793132363422915,0.5644813219469269,1.394145150737656,4.934426229508196,70.41445999036226,5.185709809563522e-06,True
C,Divergent vs GPT,Divergent,anchor_management,45,45,2.088888888888889,0.5555555555555556,1.5333333333333334,1.7198720657709967,1.236273869154479,2.2034702623875146,8.228397703402061,87.95997490704998,1.585618182885108e-12,True
C,Divergent vs GPT,Divergent,coregulation_uptake,50,50,3.26,1.94,1.3199999999999998,1.3069414583866272,0.8751161377993779,1.7387667789738765,6.585233379241898,77.13387284937689,4.984663225505578e-09,True
C,Divergent vs GPT,Divergent,timing_fit,50,50,2.96,1.94,1.02,1.2265212491633128,0.7992512656303474,1.6537912326962783,6.180023304418239,73.14937064444545,3.2902806822304354e-08,True
C,Divergent vs GPT,Divergent,implementation_grounding,49,50,1.2653061224489797,1.34,-0.07469387755102042,-0.10244321175561555,-0.49669645101554966,0.29181002750431856,-0.5143433215716087,95.60616351872231,0.60819888991659,False
C,Divergent vs GPT,Divergent,cognitive_load_clarity,50,50,2.94,2.34,0.6000000000000001,0.9314771849792864,0.5187668551790763,1.3441875147794966,4.69339664081058,74.63972587433423,1.1918840248502624e-05,True
C,Divergent vs GPT,Divergent,stance_integrity,50,49,2.92,1.6326530612244898,1.28734693877551,1.3040736267038522,0.8702220031794756,1.7379252502282287,6.485148872846978,58.58175112665356,2.0545849517599473e-08,True
C,Divergent vs GPT,Divergent,premature_convergence_risk,50,49,0.3,1.3877551020408163,-1.0877551020408163,-1.0730760088630062,-1.4944704480647801,-0.6516815696612324,-5.358701258000188,83.26914835599845,7.326128134809984e-07,True
C,Divergent vs GPT,Divergent,runaway_divergence_risk,50,50,0.78,0.36,0.42000000000000004,0.6515460408706892,0.2492799210311818,1.0538121607101967,3.2829188399541174,80.12522895830935,0.0015238476454450664,True
C,Convergent vs GPT,Convergent,exploration_opening,50,50,1.82,1.34,0.48,0.6763805472845836,0.2733278456384319,1.0794332489307354,3.408051468921033,86.36290915212511,0.0009958920285234546,True
C,Convergent vs GPT,Convergent,reframing_quality,50,50,0.88,0.36,0.52,0.7997260966406569,0.39235807675706225,1.2070941165242515,4.029547729207434,97.7054936293525,0.00011066799276075024,True
C,Convergent vs GPT,Convergent,evaluative_discipline,37,42,1.027027027027027,0.19047619047619047,0.8365508365508365,1.0782264011121705,0.6054046744662541,1.551048127758087,4.676486281320641,55.94867776419581,1.8870312459831708e-05,True
C,Convergent vs GPT,Convergent,agency_preservation,50,50,2.82,2.1,0.7199999999999998,0.8228810461207418,0.4146282141474999,1.2311338780939836,4.146217642180542,69.66276377640524,9.382579038589264e-05,True
C,Convergent vs GPT,Convergent,anchor_management,40,45,1.425,0.5555555555555556,0.8694444444444445,1.0228696575244478,0.5700430285645566,1.475696286484339,4.7880737798326125,82.98037530211978,7.258885936086511e-06,True
C,Convergent vs GPT,Convergent,coregulation_uptake,50,50,2.86,1.94,0.9199999999999999,0.8221488905889148,0.41392439309068685,1.2303733880871428,4.142528559539507,92.73260367900312,7.575236364274394e-05,True
C,Convergent vs GPT,Convergent,timing_fit,50,50,2.84,1.94,0.8999999999999999,1.0757961539999836,0.6563988052885571,1.4951935027114103,5.420570827499918,74.3426590321632,7.057877855395762e-07,True
C,Convergent vs GPT,Convergent,implementation_grounding,47,50,1.425531914893617,1.34,0.08553191489361689,0.1139186302066216,-0.2846101022151514,0.5124473626283946,0.5665585982070503,94.97857130194751,0.5723505099623682,False
C,Convergent vs GPT,Convergent,cognitive_load_clarity,50,50,2.96,2.34,0.6200000000000001,1.0274455534597773,0.6103834274291959,1.4445076794903586,5.176948600551198,61.11395086413399,2.660352418947626e-06,True
C,Convergent vs GPT,Convergent,stance_integrity,50,49,2.86,1.6326530612244898,1.22734693877551,1.2279526808777235,0.7984323888598034,1.6574729728956434,6.109296838619961,61.058290559956056,7.627702023421683e-08,True
C,Convergent vs GPT,Convergent,premature_convergence_risk,50,49,0.72,1.3877551020408163,-0.6677551020408163,-0.6889639393447674,-1.0944779123968158,-0.2834499662927189,-3.4360334228217804,75.53426028733892,0.0009625435575030659,True
C,Convergent vs GPT,Convergent,runaway_divergence_risk,50,50,0.34,0.36,-0.019999999999999962,-0.029373115420142173,-0.4213942529580323,0.362648022117748,-0.1480011356865411,88.91632438226533,0.8826769829044363,False
C,Rational vs GPT,Rational,exploration_opening,25,50,2.08,1.34,0.74,0.9765245725887223,0.47163018967070647,1.481418955506738,4.535028037957291,65.24263428134157,2.527242556052002e-05,True
C,Rational vs GPT,Rational,reframing_quality,25,50,1.56,0.36,1.2000000000000002,1.7484617399588485,1.1927722207669802,2.304151259150717,7.040534568757041,45.157004960651946,8.714756845143657e-09,True
C,Rational vs GPT,Rational,evaluative_discipline,13,42,1.3846153846153846,0.19047619047619047,1.1941391941391941,1.3984623939647212,0.7237221386135634,2.073202649315879,2.9134474345233046,13.09829823630844,0.01201142591341202,True
C,Rational vs GPT,Rational,agency_preservation,25,50,2.96,2.1,0.8599999999999999,0.8988172103319042,0.39763246378465056,1.4000019568791577,4.7369768722835754,71.04327595134644,1.0788362252356722e-05,True
C,Rational vs GPT,Rational,anchor_management,22,45,1.7727272727272727,0.5555555555555556,1.2171717171717171,1.3859980817097546,0.8246966536524317,1.9472995097670776,5.570667143393975,45.559590851275004,1.3023278678110207e-06,True
C,Rational vs GPT,Rational,coregulation_uptake,25,50,3.0,1.94,1.06,0.9619597556135019,0.4577819548277935,1.4661375563992103,4.7151282250482245,71.54599318350205,1.159892566362326e-05,True
C,Rational vs GPT,Rational,timing_fit,25,50,2.8,1.94,0.8599999999999999,0.9032435453098205,0.4018550389764861,1.404632051643155,4.218566961516652,66.04247262766566,7.657200350040934e-05,True
C,Rational vs GPT,Rational,implementation_grounding,25,50,1.52,1.34,0.17999999999999994,0.24230082535011138,-0.23936253665680501,0.7239641873570277,1.0571203902462691,55.89430677562845,0.2950042190069846,False
C,Rational vs GPT,Rational,cognitive_load_clarity,25,50,2.96,2.34,0.6200000000000001,0.9241864535079316,0.42182144875397776,1.4265514582618855,5.176948600551198,60.14161401139042,2.7450663401942666e-06,True
C,Rational vs GPT,Rational,stance_integrity,25,49,2.92,1.6326530612244898,1.28734693877551,1.1573666087666923,0.6408077932098402,1.6739254243235444,6.292558131757436,62.80078935238695,3.3921292274154486e-08,True
C,Rational vs GPT,Rational,premature_convergence_risk,25,49,0.4,1.3877551020408163,-0.9877551020408163,-0.9179520953167082,-1.421872822183603,-0.4140313684498135,-4.327902496035707,67.98094865772866,5.0608991042886354e-05,True
C,Rational vs GPT,Rational,runaway_divergence_risk,25,50,0.44,0.36,0.08000000000000002,0.11325007361178586,-0.36719188087700416,0.5936920281005759,0.5355317855915337,67.7104909863725,0.5940368861903408,False
C,BoundedRational vs GPT,BoundedRational,exploration_opening,25,50,2.0,1.34,0.6599999999999999,0.8911505299716608,0.39031653335953387,1.3919845265837876,4.2999540683134025,70.09136849805618,5.419949767964882e-05,True
C,BoundedRational vs GPT,BoundedRational,reframing_quality,25,50,1.16,0.36,0.7999999999999999,1.0330551984926681,0.5252877503401457,1.5408226466451906,3.797330214185188,36.22409747051487,0.0005386931990533531,True
C,BoundedRational vs GPT,BoundedRational,evaluative_discipline,14,42,0.7857142857142857,0.19047619047619047,0.5952380952380952,0.8326216251961263,0.20840576309136205,1.4568374873008905,2.028205917558718,15.456271895110863,0.06013631088903266,False
C,BoundedRational vs GPT,BoundedRational,agency_preservation,25,50,3.08,2.1,0.98,1.0495511420932817,0.5409180479041734,1.55818423628239,5.8818248491573994,60.035681414217805,1.9305981499245794e-07,True
C,BoundedRational vs GPT,BoundedRational,anchor_management,20,45,1.5,0.5555555555555556,0.9444444444444444,0.9716169010112216,0.41903570389000644,1.5241980981324366,3.3760487852830847,30.62877991983009,0.0020136922329710544,True
C,BoundedRational vs GPT,BoundedRational,coregulation_uptake,25,50,3.12,1.94,1.1800000000000002,1.1337157754676026,0.6204773480742215,1.6469542028609836,6.312889203325048,61.52917252433158,3.358978301776639e-08,True
C,BoundedRational vs GPT,BoundedRational,timing_fit,25,50,2.92,1.94,0.98,1.1208621163793406,0.6083472413736013,1.63337699138508,6.244971457764022,61.39513524212719,4.414927491898439e-08,True
C,BoundedRational vs GPT,BoundedRational,implementation_grounding,24,50,1.4583333333333333,1.34,0.11833333333333318,0.1416846777405818,-0.345572684259908,0.6289420397410717,0.5396493137698433,38.69960476653755,0.5925306714928965,False
C,BoundedRational vs GPT,BoundedRational,cognitive_load_clarity,25,50,2.96,2.34,0.6200000000000001,0.9241864535079316,0.42182144875397776,1.4265514582618855,5.176948600551198,60.14161401139042,2.7450663401942666e-06,True
C,BoundedRational vs GPT,BoundedRational,stance_integrity,25,49,3.0,1.6326530612244898,1.3673469387755102,1.242463434240478,0.7207989397987626,1.7641279286821931,6.942787731424302,56.45206572351614,4.1441911156178965e-09,True
C,BoundedRational vs GPT,BoundedRational,premature_convergence_risk,25,49,0.6,1.3877551020408163,-0.7877551020408163,-0.7232792054619418,-1.2189028843515652,-0.22765552657231825,-3.3461849838237594,65.55392937340797,0.001359599709130052,True
C,BoundedRational vs GPT,BoundedRational,runaway_divergence_risk,25,50,0.32,0.36,-0.03999999999999998,-0.057205160466314374,-0.5373924251076768,0.4229821041750481,-0.27526931517386494,69.79814350862844,0.7839225855681016,False
