scorer,contrast,family_a,family_b,criterion,n_a,n_b,mean_a,mean_b,mean_diff,hedges_g,ci_low,ci_high,welch_t,welch_df,p_raw,sig_05
A,Divergent vs Convergent,Divergent,Convergent,exploration_opening,42,36,3.8095238095238093,3.111111111111111,0.6984126984126982,1.284319542882322,0.7956507403357715,1.7729883454288724,5.577374388295095,63.08125747585657,5.458502904783827e-07,True
A,Divergent vs Convergent,Divergent,Convergent,reframing_quality,42,36,2.9285714285714284,2.5,0.4285714285714284,0.7925428188518657,0.33032454047097654,1.254761097232755,3.359797507737327,49.12465893952012,0.0015153060330551824,True
A,Divergent vs Convergent,Divergent,Convergent,evaluative_discipline,42,36,1.7380952380952381,1.7777777777777777,-0.03968253968253954,-0.044093813299409694,-0.48931921299516373,0.40113158639634433,-0.19096675841243893,61.50243709326297,0.8491806477902373,False
A,Divergent vs Convergent,Divergent,Convergent,agency_preservation,42,36,3.3095238095238093,3.4166666666666665,-0.1071428571428572,-0.21965492228489358,-0.6661590350559112,0.226849190486124,-0.9717359133237311,72.42753766521282,0.3344160907182398,False
A,Divergent vs Convergent,Divergent,Convergent,anchor_management,42,36,2.8095238095238093,2.5833333333333335,0.22619047619047583,0.5003387140780917,0.04829609229258247,0.952381335863601,2.186124677207241,66.51997439122927,0.03233010130807524,True
A,Divergent vs Convergent,Divergent,Convergent,coregulation_uptake,42,36,3.0476190476190474,3.138888888888889,-0.09126984126984139,-0.27493671710664813,-0.7221941763725196,0.17232074215922333,-1.1675820354588398,50.09299693355843,0.24850299675783388,False
A,Divergent vs Convergent,Divergent,Convergent,timing_fit,42,36,3.9761904761904763,3.7777777777777777,0.1984126984126986,0.6383171528482922,0.18201520746776984,1.0946190982288144,2.674140936503491,43.01306807506836,0.010548956803124145,True
A,Divergent vs Convergent,Divergent,Convergent,implementation_grounding,42,36,1.9047619047619047,2.0833333333333335,-0.17857142857142883,-0.1763756827938945,-0.6224068942724388,0.2696555286846498,-0.7754747768825897,69.73587932980367,0.4406810249485844,False
A,Divergent vs Convergent,Divergent,Convergent,cognitive_load_clarity,42,36,3.238095238095238,3.5277777777777777,-0.28968253968253954,-0.6138580116294221,-1.0693327668785446,-0.15838325638029965,-2.695993591960959,69.20040000657742,0.008804235174881337,True
A,Divergent vs Convergent,Divergent,Convergent,stance_integrity,42,36,3.9761904761904763,3.9722222222222223,0.003968253968253954,0.024538296279739295,-0.42064998474905296,0.46972657730853157,0.10846522890932772,72.09876843693716,0.9139279582091723,False
A,Divergent vs Convergent,Divergent,Convergent,premature_convergence_risk,42,36,0.21428571428571427,0.5277777777777778,-0.3134920634920635,-0.6755544709783728,-1.1331747024098109,-0.21793423954693486,-2.958613734259567,67.76871946453258,0.004252834887271959,True
A,Divergent vs Convergent,Divergent,Convergent,runaway_divergence_risk,42,36,0.5952380952380952,0.25,0.34523809523809523,0.6860079425233669,0.22800491382973226,1.1440109712170017,3.1009652167111432,75.75541955139354,0.0027088113037658504,True
A,Divergent vs Rational,Divergent,Rational,exploration_opening,42,19,3.8095238095238093,3.1052631578947367,0.7042606516290726,1.2495735347402452,0.6640623103855262,1.8350847590949644,3.8451200694055534,24.406088114240482,0.0007609761764562102,True
A,Divergent vs Rational,Divergent,Rational,reframing_quality,42,19,2.9285714285714284,2.526315789473684,0.4022556390977443,0.7742240295602016,0.21517923579282594,1.3332688233275773,2.1759946326437407,21.254811917927928,0.04097402615750289,True
A,Divergent vs Rational,Divergent,Rational,evaluative_discipline,42,19,1.7380952380952381,2.1578947368421053,-0.4197994987468672,-0.5571566139579479,-1.1080022530684945,-0.006310974847401396,-2.0099293105585456,33.590550075711946,0.05252569868663902,False
A,Divergent vs Rational,Divergent,Rational,agency_preservation,42,19,3.3095238095238093,3.473684210526316,-0.16416040100250662,-0.3361613497279651,-0.8813351604063296,0.2090124609503995,-1.1889729840292134,32.1020440270245,0.24317113166597096,False
A,Divergent vs Rational,Divergent,Rational,anchor_management,42,19,2.8095238095238093,2.6842105263157894,0.12531328320801993,0.2921262410598276,-0.25224798674479015,0.8365004688644453,0.9980593225337422,29.763339596979318,0.3262961788850702,False
A,Divergent vs Rational,Divergent,Rational,coregulation_uptake,42,19,3.0476190476190474,3.0,0.04761904761904745,0.2616414127147222,-0.2822443528613655,0.8055271782908099,1.4317821063276306,41.0,0.15978587840991573,False
A,Divergent vs Rational,Divergent,Rational,timing_fit,42,19,3.9761904761904763,3.8421052631578947,0.13408521303258158,0.5432973094992604,-0.007112238089284961,1.0937068570878057,1.5034675287711092,20.81494642822476,0.14774040902109253,False
A,Divergent vs Rational,Divergent,Rational,implementation_grounding,42,19,1.9047619047619047,2.0526315789473686,-0.14786967418546393,-0.16090043434162865,-0.7035525744667415,0.3817517057834841,-0.6111439082931179,38.05553933604805,0.5447377920389216,False
A,Divergent vs Rational,Divergent,Rational,cognitive_load_clarity,42,19,3.238095238095238,3.3684210526315788,-0.13032581453634062,-0.28481412570573234,-0.8290663289088662,0.2594380774974016,-0.9893747623194541,30.84402661844504,0.3301782000907709,False
A,Divergent vs Rational,Divergent,Rational,stance_integrity,42,19,3.9761904761904763,3.8947368421052633,0.081453634085213,0.3714128051942935,-0.17448086825390102,0.917306478642488,1.0696056856490679,21.998283413002166,0.29639331977581085,False
A,Divergent vs Rational,Divergent,Rational,premature_convergence_risk,42,19,0.21428571428571427,0.3157894736842105,-0.10150375939849623,-0.2302351455403608,-0.7736735422887181,0.3132032512079964,-0.7997080568821788,30.83791464781126,0.42999734549823293,False
A,Divergent vs Rational,Divergent,Rational,runaway_divergence_risk,42,19,0.5952380952380952,0.3157894736842105,0.2794486215538847,0.5260959661049295,-0.023787147507998707,1.0759790797178577,2.0251246463540564,39.35506995334955,0.04967541350648493,True
A,Divergent vs BoundedRational,Divergent,BoundedRational,exploration_opening,42,21,3.8095238095238093,3.0,0.8095238095238093,1.3171588683979707,0.7450614977254133,1.889256239070528,4.138871679903747,26.06561171950476,0.00032388264104360557,True
A,Divergent vs BoundedRational,Divergent,BoundedRational,reframing_quality,42,21,2.9285714285714284,2.238095238095238,0.6904761904761902,1.120495539711931,0.561318365062654,1.679672714361208,3.2483453253863224,22.66005470394717,0.003590622502258341,True
A,Divergent vs BoundedRational,Divergent,BoundedRational,evaluative_discipline,42,21,1.7380952380952381,1.2857142857142858,0.45238095238095233,0.5358791769111245,0.003755706958211258,1.0680026468640378,1.829474410308314,30.983392758889828,0.07696682691320864,False
A,Divergent vs BoundedRational,Divergent,BoundedRational,agency_preservation,42,21,3.3095238095238093,3.380952380952381,-0.07142857142857162,-0.1476347395061473,-0.6721006929478048,0.3768312139355103,-0.5477670932256548,37.971625046259476,0.5870575936054908,False
A,Divergent vs BoundedRational,Divergent,BoundedRational,anchor_management,42,21,2.8095238095238093,2.380952380952381,0.4285714285714284,0.8416475093791073,0.2975910505601015,1.3857039681981131,2.7064105635525872,27.26616316752424,0.011591809133168875,True
A,Divergent vs BoundedRational,Divergent,BoundedRational,coregulation_uptake,42,21,3.0476190476190474,3.0,0.04761904761904745,0.18588883775565657,-0.3389478351144838,0.7107255106257969,0.621633250565986,29.591795079854844,0.5389430469659413,False
A,Divergent vs BoundedRational,Divergent,BoundedRational,timing_fit,42,21,3.9761904761904763,3.619047619047619,0.3571428571428572,1.1314538014867845,0.5716042675121781,1.691303335461391,3.2126470265858957,21.944562073719016,0.0040195626117266806,True
A,Divergent vs BoundedRational,Divergent,BoundedRational,implementation_grounding,42,21,1.9047619047619047,1.8095238095238095,0.09523809523809512,0.09122243908484362,-0.4328517105418975,0.6152965887115848,0.3169339239423978,32.26161472465798,0.7533356517016822,False
A,Divergent vs BoundedRational,Divergent,BoundedRational,cognitive_load_clarity,42,21,3.238095238095238,3.3333333333333335,-0.09523809523809534,-0.20959474075360152,-0.7347036585293406,0.3155141770221376,-0.7640927068421361,36.29245603868997,0.4497514636779607,False
A,Divergent vs BoundedRational,Divergent,BoundedRational,stance_integrity,42,21,3.9761904761904763,3.7142857142857144,0.26190476190476186,0.8807279698526784,0.33478871050354764,1.4266672292018092,2.5235730725761787,22.2504509921828,0.019248948817571106,True
A,Divergent vs BoundedRational,Divergent,BoundedRational,premature_convergence_risk,42,21,0.21428571428571427,0.3333333333333333,-0.11904761904761904,-0.26803517109820596,-0.7939538043114822,0.2578834621150703,-0.965044141187022,35.171814726895164,0.3411116250405052,False
A,Divergent vs BoundedRational,Divergent,BoundedRational,runaway_divergence_risk,42,21,0.5952380952380952,0.23809523809523808,0.35714285714285715,0.6902770598188418,0.15275736758429959,1.2277967520533841,2.8139749351446466,48.758168313925424,0.007036370647061467,True
A,Convergent vs Rational,Convergent,Rational,exploration_opening,36,19,3.111111111111111,3.1052631578947367,0.005847953216374435,0.008686113360890488,-0.5471045124448899,0.564476739166671,0.029468081726120806,31.765549012999013,0.976675642226987,False
A,Convergent vs Rational,Convergent,Rational,reframing_quality,36,19,2.5,2.526315789473684,-0.02631578947368407,-0.03585970485163364,-0.591688359873157,0.5199689501698899,-0.12421078672015581,33.604026702682056,0.901888416819614,False
A,Convergent vs Rational,Convergent,Rational,evaluative_discipline,36,19,1.7777777777777777,2.1578947368421053,-0.38011695906432763,-0.3907106621805433,-0.9512745267597674,0.16985320239868085,-1.5376150053606186,47.32431085488909,0.1308026955360907,False
A,Convergent vs Rational,Convergent,Rational,agency_preservation,36,19,3.4166666666666665,3.473684210526316,-0.05701754385964941,-0.11142231647426891,-0.6676004888140504,0.4447558558655126,-0.39539439203710974,35.92979045453787,0.694889747734635,False
A,Convergent vs Rational,Convergent,Rational,anchor_management,36,19,2.5833333333333335,2.6842105263157894,-0.1008771929824559,-0.20191627132459983,-0.7589839761486821,0.35515143349948247,-0.7328409360587392,38.26493817617172,0.46812123691693547,False
A,Convergent vs Rational,Convergent,Rational,coregulation_uptake,36,19,3.138888888888889,3.0,0.13888888888888884,0.3969397938630306,-0.16377688579565797,0.9576564735217191,1.9633200326642595,35.0,0.05759356941882789,False
A,Convergent vs Rational,Convergent,Rational,timing_fit,36,19,3.7777777777777777,3.8421052631578947,-0.06432748538011701,-0.15608014062009334,-0.7126332466758852,0.40047296543569855,-0.5794290886833618,40.74599072736945,0.5654897352384602,False
A,Convergent vs Rational,Convergent,Rational,implementation_grounding,36,19,2.0833333333333335,2.0526315789473686,0.030701754385964897,0.03006806678739726,-0.5257485926051015,0.5858847261798961,0.11587707037783275,45.00067515976037,0.9082655332218615,False
A,Convergent vs Rational,Convergent,Rational,cognitive_load_clarity,36,19,3.5277777777777777,3.3684210526315788,0.15935672514619892,0.31249697664501824,-0.24635097241418996,0.8713449257042265,1.1254762201110968,37.44837312604087,0.267548948111006,False
A,Convergent vs Rational,Convergent,Rational,stance_integrity,36,19,3.9722222222222223,3.8947368421052633,0.07748538011695905,0.33461904410714255,-0.22467603099186834,0.8939141192061535,0.9999999999999998,23.43813113707004,0.3275234258915586,False
A,Convergent vs Rational,Convergent,Rational,premature_convergence_risk,36,19,0.5277777777777778,0.3157894736842105,0.21198830409356728,0.4206962040514856,-0.14062505415823584,0.982017462261207,1.5329105105237053,38.68834030701536,0.1334354612641598,False
A,Convergent vs Rational,Convergent,Rational,runaway_divergence_risk,36,19,0.25,0.3157894736842105,-0.06578947368421051,-0.14330292281571622,-0.6997359979303642,0.4131301522989318,-0.499310950797672,34.15322179456633,0.6207617107368567,False
A,Convergent vs BoundedRational,Convergent,BoundedRational,exploration_opening,36,21,3.111111111111111,3.0,0.11111111111111116,0.15482599721420878,-0.3841102031872231,0.6937621976156406,0.5291502622129184,33.0274675292812,0.6002399568848424,False
A,Convergent vs BoundedRational,Convergent,BoundedRational,reframing_quality,36,21,2.5,2.238095238095238,0.26190476190476186,0.3247022774080237,-0.21677468733796434,0.8661792421540118,1.107781804952296,32.85156250000001,0.2760012073175835,False
A,Convergent vs BoundedRational,Convergent,BoundedRational,evaluative_discipline,36,21,1.7777777777777777,1.2857142857142858,0.49206349206349187,0.4705488698982371,-0.07452523813473388,1.015622977931208,1.7547482158033683,43.260580546322075,0.08638313389565644,False
A,Convergent vs BoundedRational,Convergent,BoundedRational,agency_preservation,36,21,3.4166666666666665,3.380952380952381,0.03571428571428559,0.07057240713709222,-0.4677697492703943,0.6089145635445787,0.2609188929223254,42.14211308088505,0.7954259090228756,False
A,Convergent vs BoundedRational,Convergent,BoundedRational,anchor_management,36,21,2.5833333333333335,2.380952380952381,0.20238095238095255,0.3518396460716797,-0.1902083117407949,0.8938876038841543,1.2038887175035735,33.1444605237711,0.23716032328588954,False
A,Convergent vs BoundedRational,Convergent,BoundedRational,coregulation_uptake,36,21,3.138888888888889,3.0,0.13888888888888884,0.35251219097365966,-0.18955049147662767,0.8945748734239469,1.4054071652819093,51.57583516673299,0.16589555957269436,False
A,Convergent vs BoundedRational,Convergent,BoundedRational,timing_fit,36,21,3.7777777777777777,3.619047619047619,0.1587301587301586,0.34732366632678735,-0.1946261371421769,0.8892734697957516,1.2272017341845392,36.592523736803656,0.22758378333415663,False
A,Convergent vs BoundedRational,Convergent,BoundedRational,implementation_grounding,36,21,2.0833333333333335,1.8095238095238095,0.27380952380952395,0.23940181792636037,-0.30057577397934876,0.7793794098320695,0.8575167644950437,38.18967252608818,0.3965090061314476,False
A,Convergent vs BoundedRational,Convergent,BoundedRational,cognitive_load_clarity,36,21,3.5277777777777777,3.3333333333333335,0.1944444444444442,0.3851208439379776,-0.15768897819938038,0.9279306660753355,1.4400557560077731,43.61339110187169,0.15699179947206582,False
A,Convergent vs BoundedRational,Convergent,BoundedRational,stance_integrity,36,21,3.9722222222222223,3.7142857142857144,0.2579365079365079,0.8228034957694925,0.26382375983297734,1.3817832317060077,2.4620505620053525,23.063692211281914,0.021710909467969577,True
A,Convergent vs BoundedRational,Convergent,BoundedRational,premature_convergence_risk,36,21,0.5277777777777778,0.3333333333333333,0.19444444444444448,0.38512084393797813,-0.15768897819937983,0.9279306660753361,1.4400557560077756,43.6133911018717,0.15699179947206526,False
A,Convergent vs BoundedRational,Convergent,BoundedRational,runaway_divergence_risk,36,21,0.25,0.23809523809523808,0.011904761904761918,0.02679720681835778,-0.5114115285506624,0.5650059421873779,0.09911197057469118,42.19147965996809,0.9215187846950681,False
A,Rational vs BoundedRational,Rational,BoundedRational,exploration_opening,19,21,3.1052631578947367,3.0,0.10526315789473673,0.13039488155653683,-0.4908452352103873,0.7516349983234609,0.42289189621785833,37.97919198233835,0.6747591032035805,False
A,Rational vs BoundedRational,Rational,BoundedRational,reframing_quality,19,21,2.526315789473684,2.238095238095238,0.28822055137844593,0.3259313210322914,-0.2987478210010387,0.9506104630656215,1.060969582791068,37.648067080860194,0.2954628545930001,False
A,Rational vs BoundedRational,Rational,BoundedRational,evaluative_discipline,19,21,2.1578947368421053,1.2857142857142858,0.8721804511278195,0.9493421379916325,0.2948187573658245,1.6038655186174404,3.101547612851182,36.94282650153215,0.0036772133401085866,True
A,Rational vs BoundedRational,Rational,BoundedRational,agency_preservation,19,21,3.473684210526316,3.380952380952381,0.092731829573935,0.1799951975235712,-0.44183964549930155,0.8018300405464439,0.5791013600264298,37.338369794540206,0.5659983256742989,False
A,Rational vs BoundedRational,Rational,BoundedRational,anchor_management,19,21,2.6842105263157894,2.380952380952381,0.30325814536340845,0.5070568186081338,-0.12339465992145604,1.1375082971377237,1.66137334018031,36.135521664791156,0.10529168296228959,False
A,Rational vs BoundedRational,Rational,BoundedRational,coregulation_uptake,19,21,3.0,3.0,0.0,0.0,-0.6205826351240775,0.6205826351240775,0.0,20.0,1.0,False
A,Rational vs BoundedRational,Rational,BoundedRational,timing_fit,19,21,3.8421052631578947,3.619047619047619,0.22305764411027562,0.4928113661691274,-0.13709742907381844,1.1227201614120732,1.6106915481243655,36.84218433970215,0.11578274779573634,False
A,Rational vs BoundedRational,Rational,BoundedRational,implementation_grounding,19,21,2.0526315789473686,1.8095238095238095,0.24310776942355905,0.22614864585412914,-0.39640954737987183,0.84870683908813,0.741567241782481,35.878071864608316,0.4631764160875425,False
A,Rational vs BoundedRational,Rational,BoundedRational,cognitive_load_clarity,19,21,3.3684210526315788,3.3333333333333335,0.03508771929824528,0.0703241115850708,-0.5504498319719444,0.691098055142086,0.2263103825381356,37.38410951179973,0.8221928774804451,False
A,Rational vs BoundedRational,Rational,BoundedRational,stance_integrity,19,21,3.8947368421052633,3.7142857142857144,0.18045112781954886,0.44234009538199076,-0.1857670840005617,1.0704472747645433,1.452398304247522,35.42127538750157,0.15519232887702827,False
A,Rational vs BoundedRational,Rational,BoundedRational,premature_convergence_risk,19,21,0.3157894736842105,0.3333333333333333,-0.017543859649122806,-0.03578937682594463,-0.6564215664929212,0.5848428128410319,-0.11539315069663539,37.685361200851254,0.9087461929574608,False
A,Rational vs BoundedRational,Rational,BoundedRational,runaway_divergence_risk,19,21,0.3157894736842105,0.23809523809523808,0.07769423558897243,0.16685750662180912,-0.4548013647593241,0.7885163780029423,0.5351991704140828,36.64770905117612,0.5957450992639597,False
C,Divergent vs Convergent,Divergent,Convergent,exploration_opening,50,50,2.82,1.82,0.9999999999999998,1.378818809565578,0.9427212032031672,1.8149164159279887,6.947398898713158,84.83051300258391,7.098396535013348e-10,True
C,Divergent vs Convergent,Divergent,Convergent,reframing_quality,50,50,1.92,0.88,1.04,1.3305236787870127,0.8973172696302614,1.763730087943764,6.704056165022191,87.52233991127831,1.9005807573287494e-09,True
C,Divergent vs Convergent,Divergent,Convergent,evaluative_discipline,15,37,0.4,1.027027027027027,-0.627027027027027,-0.6855763730119993,-1.2998200732935332,-0.07133267273046529,-2.5399043461166757,33.590546258310695,0.0158886562938769,True
C,Divergent vs Convergent,Divergent,Convergent,agency_preservation,50,50,2.96,2.82,0.14000000000000012,0.2632174747007188,-0.1304763102338139,0.6569112596352515,1.3262633068038798,97.96167180091352,0.1878363541819752,False
C,Divergent vs Convergent,Divergent,Convergent,anchor_management,45,40,2.088888888888889,1.425,0.663888888888889,0.7909532287038343,0.34874724129714235,1.2331592161105263,3.697840835065861,82.99710682116458,0.00038932160679426943,True
C,Divergent vs Convergent,Divergent,Convergent,coregulation_uptake,50,50,3.26,2.86,0.3999999999999999,0.4708673919546736,0.07347247142311292,0.8682623124862343,2.3725405960602757,88.81144061272211,0.019824545323354134,True
C,Divergent vs Convergent,Divergent,Convergent,timing_fit,50,50,2.96,2.84,0.1200000000000001,0.22027374993327944,-0.17291320590638845,0.6134607057729473,1.1098844874215499,97.9235950851369,0.2697669122124504,False
C,Divergent vs Convergent,Divergent,Convergent,implementation_grounding,49,47,1.2653061224489797,1.425531914893617,-0.1602257924446373,-0.22961856262394256,-0.63110468102801,0.17186755578012483,-1.1321895159870923,92.95021236893076,0.260467076423252,False
C,Divergent vs Convergent,Divergent,Convergent,cognitive_load_clarity,50,50,2.94,2.96,-0.020000000000000018,-0.05504441844894861,-0.4471186436777307,0.3370298067798335,-0.27735009811261485,85.37113402061856,0.7821817892751799,False
C,Divergent vs Convergent,Divergent,Convergent,stance_integrity,50,50,2.92,2.86,0.06000000000000005,0.1265288000863871,-0.26586323753864294,0.5189208377114172,0.6375355777548628,96.8735357884784,0.5252800278818859,False
C,Divergent vs Convergent,Divergent,Convergent,premature_convergence_risk,50,50,0.3,0.72,-0.42,-0.5689931074451163,-0.9688463938222518,-0.16913982106798087,-2.8669626934412435,95.54973802639121,0.005098613927493732,True
C,Divergent vs Convergent,Divergent,Convergent,runaway_divergence_risk,50,50,0.78,0.34,0.44,0.8509632983088906,0.44160617673702834,1.260320419880753,4.287714557200725,94.92957779273124,4.336246787450813e-05,True
C,Divergent vs Rational,Divergent,Rational,exploration_opening,50,25,2.82,2.08,0.7399999999999998,0.9518100087155021,0.4481257960610404,1.455494221369964,4.461760898741529,66.54933674709342,3.211369431789533e-05,True
C,Divergent vs Rational,Divergent,Rational,reframing_quality,50,25,1.92,1.56,0.3599999999999999,0.42279606162396016,-0.06204831896125074,0.9076404422091711,1.8852926452434253,59.17580074077205,0.0643027638274401,False
C,Divergent vs Rational,Divergent,Rational,evaluative_discipline,15,13,0.4,1.3846153846153846,-0.9846153846153846,-0.8526984798370156,-1.628258313263155,-0.07713864641087631,-2.218705547180735,17.261560901996415,0.04018776575207058,True
C,Divergent vs Rational,Divergent,Rational,agency_preservation,50,25,2.96,2.96,0.0,0.0,-0.4800999895855029,0.4800999895855029,0.0,55.4888273454731,1.0,False
C,Divergent vs Rational,Divergent,Rational,anchor_management,45,22,2.088888888888889,1.7727272727272727,0.3161616161616163,0.36552937111831557,-0.1481023444853981,0.8791610867220292,1.4583445623167621,44.678870066698636,0.15173996153440122,False
C,Divergent vs Rational,Divergent,Rational,coregulation_uptake,50,25,3.26,3.0,0.2599999999999998,0.3683725998846568,-0.11533322577941041,0.852078425548724,1.5101784472174458,47.32822493936478,0.13764600100378385,False
C,Divergent vs Rational,Divergent,Rational,timing_fit,50,25,2.96,2.8,0.16000000000000014,0.2657439664295716,-0.21623593106016809,0.7477238639193113,0.9984094152489378,38.068033776416044,0.3243852081534989,False
C,Divergent vs Rational,Divergent,Rational,implementation_grounding,49,25,1.2653061224489797,1.52,-0.25469387755102035,-0.37928787800213887,-0.8648783646386904,0.10630260863441271,-1.5726184669743177,49.54748406603327,0.122171825448733,False
C,Divergent vs Rational,Divergent,Rational,cognitive_load_clarity,50,25,2.94,2.96,-0.020000000000000018,-0.05407810903579405,-0.5342560936478491,0.42609987557626106,-0.2773500981126148,72.85337243401759,0.7822967787320437,False
C,Divergent vs Rational,Divergent,Rational,stance_integrity,50,25,2.92,2.92,0.0,0.0,-0.4800999895855029,0.4800999895855029,0.0,52.903911238767854,1.0,False
C,Divergent vs Rational,Divergent,Rational,premature_convergence_risk,50,25,0.3,0.4,-0.10000000000000003,-0.12675961846792216,-0.6072879862199074,0.35376874928406304,-0.5286470283737204,49.534770984771804,0.5994111481132607,False
C,Divergent vs Rational,Divergent,Rational,runaway_divergence_risk,50,25,0.78,0.44,0.34,0.7026873237014996,0.20959325008916874,1.1957813973138305,2.815303329273934,44.57336135650328,0.007230599078100569,True
C,Divergent vs BoundedRational,Divergent,BoundedRational,exploration_opening,50,25,2.82,2.0,0.8199999999999998,1.077902646086781,0.5677532849643996,1.5880520072091626,5.245126885540919,70.92330769444665,1.5464219826629012e-06,True
C,Divergent vs BoundedRational,Divergent,BoundedRational,reframing_quality,50,25,1.92,1.16,0.76,0.8225593789869541,0.32473985569887703,1.3203789022750312,3.3393798587192114,46.128308032104584,0.001669021502654548,True
C,Divergent vs BoundedRational,Divergent,BoundedRational,evaluative_discipline,15,14,0.4,0.7857142857142857,-0.3857142857142857,-0.41572797905451014,-1.1519031999994684,0.3204472418904481,-1.1370343327283123,23.141491356999413,0.26716096215372787,False
C,Divergent vs BoundedRational,Divergent,BoundedRational,agency_preservation,50,25,2.96,3.08,-0.1200000000000001,-0.2556018944126064,-0.7374412913966109,0.22623750257139807,-1.2829786493231197,72.84345722243707,0.20356668358649985,False
C,Divergent vs BoundedRational,Divergent,BoundedRational,anchor_management,45,20,2.088888888888889,1.5,0.588888888888889,0.6136248421461207,0.07643232452566717,1.1508173597665743,2.115099455985964,30.139823732348166,0.042797058740122115,True
C,Divergent vs BoundedRational,Divergent,BoundedRational,coregulation_uptake,50,25,3.26,3.12,0.13999999999999968,0.23101575732202703,-0.2505055788958088,0.7125370935398628,1.1814949143175069,72.9216829760716,0.2412450194304068,False
C,Divergent vs BoundedRational,Divergent,BoundedRational,timing_fit,50,25,2.96,2.92,0.040000000000000036,0.0852006314708688,-0.3950929366825528,0.5654941996242904,0.4276595497743732,72.84345722243707,0.670160654551704,False
C,Divergent vs BoundedRational,Divergent,BoundedRational,implementation_grounding,49,24,1.2653061224489797,1.4583333333333333,-0.1930272108843536,-0.24977347708449413,-0.7397818529231666,0.24023489875417828,-0.9067283182802556,35.05577851381825,0.3707412091554219,False
C,Divergent vs BoundedRational,Divergent,BoundedRational,cognitive_load_clarity,50,25,2.94,2.96,-0.020000000000000018,-0.05407810903579405,-0.5342560936478491,0.42609987557626106,-0.2773500981126148,72.85337243401759,0.7822967787320437,False
C,Divergent vs BoundedRational,Divergent,BoundedRational,stance_integrity,50,25,2.92,3.0,-0.08000000000000007,-0.19793814432989715,-0.6790820036325698,0.2832057149727754,-0.937334221427819,67.89340423410081,0.35190913547006336,False
C,Divergent vs BoundedRational,Divergent,BoundedRational,premature_convergence_risk,50,25,0.3,0.6,-0.3,-0.3720109360772645,-0.8557880695579135,0.11176619740338456,-1.516861748880692,46.658143403935455,0.13604830770775322,False
C,Divergent vs BoundedRational,Divergent,BoundedRational,runaway_divergence_risk,50,25,0.78,0.32,0.46,0.9718237415874029,0.46716170270386637,1.4764857804709395,3.976015713686096,47.07575098208529,0.0002398572046718129,True
C,Convergent vs Rational,Convergent,Rational,exploration_opening,50,25,1.82,2.08,-0.26,-0.45625030638229036,-0.9418707626820033,0.02937014991742265,-1.869380734286862,47.25739135695728,0.06777326505492187,False
C,Convergent vs Rational,Convergent,Rational,reframing_quality,50,25,0.88,1.56,-0.68,-1.0254832541481946,-1.532857459634143,-0.5181090486622463,-4.053939984803283,43.075527680512806,0.00020713575298813436,True
C,Convergent vs Rational,Convergent,Rational,evaluative_discipline,37,13,1.027027027027027,1.3846153846153846,-0.3575883575883576,-0.3200573079827673,-0.9550926824688691,0.3149780665033345,-0.8302459037952693,15.855099739558936,0.41872628395638917,False
C,Convergent vs Rational,Convergent,Rational,agency_preservation,50,25,2.82,2.96,-0.14000000000000012,-0.27643262564963195,-0.7585664649560004,0.2057012136567365,-1.1948850353779112,54.52853461720984,0.23730328140075882,False
C,Convergent vs Rational,Convergent,Rational,anchor_management,40,22,1.425,1.7727272727272727,-0.34772727272727266,-0.4335223989203218,-0.9593367540104045,0.09229195616976099,-1.6346991399525945,41.92472243161426,0.10959977580122118,False
C,Convergent vs Rational,Convergent,Rational,coregulation_uptake,50,25,2.86,3.0,-0.14000000000000012,-0.1554175656787484,-0.6361613809422915,0.3253262495847946,-0.7108918983197179,63.0226000093012,0.47977397686637446,False
C,Convergent vs Rational,Convergent,Rational,timing_fit,50,25,2.84,2.8,0.040000000000000036,0.06543388302171108,-0.4147802925836501,0.5456480586270723,0.24803053494460933,38.867466673081466,0.8054165344760956,False
C,Convergent vs Rational,Convergent,Rational,implementation_grounding,47,25,1.425531914893617,1.52,-0.09446808510638305,-0.13462786223663928,-0.6203064554430611,0.35105073096978245,-0.5652485404264106,53.0633406397687,0.5742869815070445,False
C,Convergent vs Rational,Convergent,Rational,cognitive_load_clarity,50,25,2.96,2.96,0.0,0.0,-0.4800999895855029,0.4800999895855029,0.0,64.43835616438355,1.0,False
C,Convergent vs Rational,Convergent,Rational,stance_integrity,50,25,2.86,2.92,-0.06000000000000005,-0.12739740673815714,-0.60793009414006,0.3531352806637458,-0.5642796756454824,58.15954987768057,0.5747335976435183,False
C,Convergent vs Rational,Convergent,Rational,premature_convergence_risk,50,25,0.72,0.4,0.31999999999999995,0.45048220771276937,-0.035000315814080196,0.9359647312396189,1.7792727139465627,42.9793895293125,0.08226748275949342,False
C,Convergent vs Rational,Convergent,Rational,runaway_divergence_risk,50,25,0.34,0.44,-0.09999999999999998,-0.18287615346721858,-0.6638673333581238,0.29811502642368654,-0.778996916238175,52.429287186515744,0.4394835488986027,False
C,Convergent vs BoundedRational,Convergent,BoundedRational,exploration_opening,50,25,1.82,2.0,-0.17999999999999994,-0.32917707624099346,-0.8121585552134465,0.1538044027314595,-1.4108406764205257,53.301904081594564,0.1641016160136971,False
C,Convergent vs BoundedRational,Convergent,BoundedRational,reframing_quality,50,25,0.88,1.16,-0.2799999999999999,-0.37140018055770624,-0.855165295617793,0.1123649345023805,-1.3429698712619615,34.94674689725407,0.18793945984153487,False
C,Convergent vs BoundedRational,Convergent,BoundedRational,evaluative_discipline,37,14,1.027027027027027,0.7857142857142857,0.24131274131274127,0.24175536850747503,-0.37503329137043084,0.8585440283853809,0.7495779334709065,21.668501516713473,0.4615701670958081,False
C,Convergent vs BoundedRational,Convergent,BoundedRational,agency_preservation,50,25,2.82,3.08,-0.26000000000000023,-0.563542858542024,-1.0520399923036194,-0.07504572478042848,-2.8154804990146634,72.6867838238768,0.006264423499326371,True
C,Convergent vs BoundedRational,Convergent,BoundedRational,anchor_management,40,20,1.425,1.5,-0.07499999999999996,-0.08243112541103263,-0.6194018202282713,0.45453956940620605,-0.2724721233635091,28.880872504424698,0.787197691458631,False
C,Convergent vs BoundedRational,Convergent,BoundedRational,coregulation_uptake,50,25,2.86,3.12,-0.26000000000000023,-0.3151724331493446,-0.7979146017259775,0.16756973542728826,-1.707584571967825,67.12488326659529,0.09233509878720998,False
C,Convergent vs BoundedRational,Convergent,BoundedRational,timing_fit,50,25,2.84,2.92,-0.08000000000000007,-0.1662343423477952,-0.6470708233779655,0.3146021386823752,-0.8397900787172026,72.97223115812216,0.4037691105006559,False
C,Convergent vs BoundedRational,Convergent,BoundedRational,implementation_grounding,47,24,1.425531914893617,1.4583333333333333,-0.03280141843971629,-0.04088556552782133,-0.5326660656928599,0.4508949346372173,-0.15126779742821964,37.218987783407236,0.8805814035857282,False
C,Convergent vs BoundedRational,Convergent,BoundedRational,cognitive_load_clarity,50,25,2.96,2.96,0.0,0.0,-0.4800999895855029,0.4800999895855029,0.0,64.43835616438355,1.0,False
C,Convergent vs BoundedRational,Convergent,BoundedRational,stance_integrity,50,25,2.86,3.0,-0.14000000000000012,-0.3161658492623659,-0.7989246543209002,0.1665929557961684,-1.5423352055871846,71.14805059010182,0.12742849627341424,False
C,Convergent vs BoundedRational,Convergent,BoundedRational,premature_convergence_risk,50,25,0.72,0.6,0.12,0.16443478886870486,-0.316385844724006,0.6452554224614158,0.6352950148936707,40.687087828623845,0.5287929958281229,False
C,Convergent vs BoundedRational,Convergent,BoundedRational,runaway_divergence_risk,50,25,0.34,0.32,0.020000000000000018,0.03720709523616075,-0.44292981709796775,0.5173440075702893,0.161801963319136,55.413603059751175,0.872050332716434,False
C,Rational vs BoundedRational,Rational,BoundedRational,exploration_opening,25,25,2.08,2.0,0.08000000000000007,0.146644926641981,-0.4084713907915184,0.7017612440754805,0.526741537567377,47.16632740166787,0.6008417169234888,False
C,Rational vs BoundedRational,Rational,BoundedRational,reframing_quality,25,25,1.56,1.16,0.40000000000000013,0.4711433732679255,-0.09086679836524264,1.0331535449010936,1.6923243819795553,44.63746252370409,0.09755424100406279,False
C,Rational vs BoundedRational,Rational,BoundedRational,evaluative_discipline,13,14,1.3846153846153846,0.7857142857142857,0.5989010989010989,0.4624080367515535,-0.30252273810642427,1.2273388116095312,1.223432658150632,21.81753494674818,0.23421611958214678,False
C,Rational vs BoundedRational,Rational,BoundedRational,agency_preservation,25,25,2.96,3.08,-0.1200000000000001,-0.3138136934730561,-0.8715870978033966,0.2439597108572844,-1.1272037239532702,39.65241253144294,0.26643144676373887,False
C,Rational vs BoundedRational,Rational,BoundedRational,anchor_management,22,20,1.7727272727272727,1.5,0.2727272727272727,0.2787320780063091,-0.3297506878515905,0.8872148438642087,0.9064049472449022,34.776059649623456,0.37095934159862065,False
C,Rational vs BoundedRational,Rational,BoundedRational,coregulation_uptake,25,25,3.0,3.12,-0.1200000000000001,-0.21387292468264082,-0.7698272486858625,0.3420813993205808,-0.7682212795973764,34.072491415490276,0.44764769280525457,False
C,Rational vs BoundedRational,Rational,BoundedRational,timing_fit,25,25,2.8,2.92,-0.1200000000000001,-0.2199673899629715,-0.7760130564617689,0.3360782765358259,-0.7901123063510654,31.190933171218894,0.4354283397897719,False
C,Rational vs BoundedRational,Rational,BoundedRational,implementation_grounding,25,24,1.52,1.4583333333333333,0.06166666666666676,0.07569795234014075,-0.48461918082840294,0.6360150855086845,0.26730096241835155,41.068555217694474,0.7905752511347184,False
C,Rational vs BoundedRational,Rational,BoundedRational,cognitive_load_clarity,25,25,2.96,2.96,0.0,0.0,-0.5543717164502533,0.5543717164502533,0.0,48.0,1.0,False
C,Rational vs BoundedRational,Rational,BoundedRational,stance_integrity,25,25,2.92,3.0,-0.08000000000000007,-0.22575047050728234,-0.781885171069902,0.33038423005533724,-0.8108848540793838,43.665414817343795,0.42182968732265586,False
C,Rational vs BoundedRational,Rational,BoundedRational,premature_convergence_risk,25,25,0.4,0.6,-0.19999999999999996,-0.24900867020383463,-0.8055246145306921,0.3075072741230228,-0.8944271909999157,47.78761061946904,0.37557623679622426,False
C,Rational vs BoundedRational,Rational,BoundedRational,runaway_divergence_risk,25,25,0.44,0.32,0.12,0.2402687849479395,-0.3160995469004918,0.7966371167963707,0.8630339426736914,47.81578698000568,0.39242707137679467,False
